2025-08-04 17:35:31,230 - INFO - Pepper Robot Audio Stream Receiver
2025-08-04 17:35:31,230 - INFO - ==================================
2025-08-04 17:35:31,230 - INFO - Robot IP: 10.234.7.18
2025-08-04 17:35:31,230 - INFO - Listening on: 0.0.0.0:3456
2025-08-04 17:35:31,230 - INFO - Log level: INFO
2025-08-04 17:35:31,230 - INFO - Audio config - Sample rate: 48000, Channels: 1, Chunk size: 4800
2025-08-04 17:35:31,319 - INFO - Starting audio stream receiver...
2025-08-04 17:35:31,319 - INFO - Starting server on 0.0.0.0:3456
2025-08-04 17:35:31,319 - INFO - Server listening on 0.0.0.0:3456
2025-08-04 17:35:31,319 - INFO - Waiting for Pepper robot to connect...
2025-08-04 17:35:33,982 - INFO - Connected to Pepper robot at: ('10.234.7.18', 35120)
2025-08-04 17:35:33,982 - INFO - Setting up audio playback...
2025-08-04 17:35:33,982 - INFO - Using default output device: default
2025-08-04 17:35:33,982 - INFO - Device sample rate: 44100.0
2025-08-04 17:35:33,982 - INFO - Device channels: 64
2025-08-04 17:35:33,992 - INFO - Audio playback stream initialized successfully
2025-08-04 17:35:33,992 - INFO - Audio stream is active and ready
2025-08-04 17:35:33,992 - INFO - Starting receive thread...
2025-08-04 17:35:33,992 - INFO - Audio receive thread started
2025-08-04 17:35:33,992 - INFO - Waiting for connection to stabilize...
2025-08-04 17:35:34,992 - INFO - Audio stream enable command sent
2025-08-04 17:35:34,993 - INFO - Audio streaming started. Press Ctrl+C to stop...
2025-08-04 17:35:44,993 - INFO - Stats - Packets received: 0, Total bytes played: 0
2025-08-04 17:35:54,995 - INFO - Stats - Packets received: 0, Total bytes played: 0
2025-08-04 17:36:04,995 - INFO - Stats - Packets received: 0, Total bytes played: 0
2025-08-04 17:36:14,996 - INFO - Stats - Packets received: 0, Total bytes played: 0
2025-08-04 17:36:24,997 - INFO - Stats - Packets received: 0, Total bytes played: 0
2025-08-04 17:36:34,999 - INFO - Stats - Packets received: 0, Total bytes played: 0
2025-08-04 17:36:44,999 - INFO - Stats - Packets received: 0, Total bytes played: 0
2025-08-04 17:36:55,002 - INFO - Stats - Packets received: 0, Total bytes played: 0
2025-08-04 17:37:05,003 - INFO - Stats - Packets received: 0, Total bytes played: 0
2025-08-04 17:37:15,004 - INFO - Stats - Packets received: 0, Total bytes played: 0
2025-08-04 17:37:25,005 - INFO - Stats - Packets received: 0, Total bytes played: 0
2025-08-04 17:37:35,006 - INFO - Stats - Packets received: 0, Total bytes played: 0
2025-08-04 17:37:45,007 - INFO - Stats - Packets received: 0, Total bytes played: 0
2025-08-04 17:37:55,008 - INFO - Stats - Packets received: 0, Total bytes played: 0
2025-08-04 17:38:05,009 - INFO - Stats - Packets received: 0, Total bytes played: 0
2025-08-04 17:38:15,012 - INFO - Stats - Packets received: 0, Total bytes played: 0
2025-08-04 17:38:25,013 - INFO - Stats - Packets received: 0, Total bytes played: 0
2025-08-04 17:38:35,014 - INFO - Stats - Packets received: 0, Total bytes played: 0
2025-08-04 17:38:45,015 - INFO - Stats - Packets received: 0, Total bytes played: 0
2025-08-04 17:38:55,017 - INFO - Stats - Packets received: 0, Total bytes played: 0
2025-08-04 17:39:05,018 - INFO - Stats - Packets received: 0, Total bytes played: 0
2025-08-04 17:39:15,019 - INFO - Stats - Packets received: 0, Total bytes played: 0
2025-08-04 17:39:25,020 - INFO - Stats - Packets received: 0, Total bytes played: 0
2025-08-04 17:39:35,022 - INFO - Stats - Packets received: 0, Total bytes played: 0
2025-08-04 17:39:45,023 - INFO - Stats - Packets received: 0, Total bytes played: 0
2025-08-04 17:39:55,024 - INFO - Stats - Packets received: 0, Total bytes played: 0
2025-08-04 17:40:05,025 - INFO - Stats - Packets received: 0, Total bytes played: 0
2025-08-04 17:40:15,026 - INFO - Stats - Packets received: 0, Total bytes played: 0
2025-08-04 17:40:25,027 - INFO - Stats - Packets received: 0, Total bytes played: 0
2025-08-04 17:40:35,029 - INFO - Stats - Packets received: 0, Total bytes played: 0
2025-08-04 17:40:45,030 - INFO - Stats - Packets received: 0, Total bytes played: 0
2025-08-04 17:40:55,031 - INFO - Stats - Packets received: 0, Total bytes played: 0
2025-08-04 17:41:05,033 - INFO - Stats - Packets received: 0, Total bytes played: 0
2025-08-04 17:41:15,034 - INFO - Stats - Packets received: 0, Total bytes played: 0
2025-08-04 17:41:25,035 - INFO - Stats - Packets received: 0, Total bytes played: 0
2025-08-04 17:41:35,036 - INFO - Stats - Packets received: 0, Total bytes played: 0
2025-08-04 17:41:45,037 - INFO - Stats - Packets received: 0, Total bytes played: 0
2025-08-04 17:41:55,038 - INFO - Stats - Packets received: 0, Total bytes played: 0
2025-08-04 17:42:05,040 - INFO - Stats - Packets received: 0, Total bytes played: 0
2025-08-04 17:42:15,041 - INFO - Stats - Packets received: 0, Total bytes played: 0
2025-08-04 17:42:25,042 - INFO - Stats - Packets received: 0, Total bytes played: 0
2025-08-04 17:42:35,043 - INFO - Stats - Packets received: 0, Total bytes played: 0
2025-08-04 17:42:45,044 - INFO - Stats - Packets received: 0, Total bytes played: 0
2025-08-04 17:42:55,045 - INFO - Stats - Packets received: 0, Total bytes played: 0
2025-08-04 17:43:05,046 - INFO - Stats - Packets received: 0, Total bytes played: 0
2025-08-04 17:43:15,047 - INFO - Stats - Packets received: 0, Total bytes played: 0
2025-08-04 17:43:18,222 - INFO - Shutdown requested by user
2025-08-04 17:43:18,222 - INFO - Starting cleanup...
2025-08-04 17:43:18,222 - INFO - Disabling audio stream...
2025-08-04 17:43:18,223 - INFO - Audio stream disable command sent
2025-08-04 17:43:18,223 - INFO - Stopping audio stream...
2025-08-04 17:43:18,224 - INFO - Terminating PyAudio...
2025-08-04 17:43:18,226 - INFO - Closing client socket...
2025-08-04 17:43:18,227 - INFO - Closing server socket...
2025-08-04 17:43:18,227 - INFO - Final stats - Packets received: 0, Total bytes played: 0
2025-08-04 17:43:18,227 - INFO - Cleanup completed
2025-08-04 17:45:15,448 - INFO - Pepper Robot Audio Stream Receiver
2025-08-04 17:45:15,448 - INFO - ==================================
2025-08-04 17:45:15,448 - INFO - Robot IP: 10.234.7.18
2025-08-04 17:45:15,448 - INFO - Listening on: 0.0.0.0:3456
2025-08-04 17:45:15,448 - INFO - Log level: INFO
2025-08-04 17:45:15,448 - INFO - Audio config - Sample rate: 48000, Channels: 1, Chunk size: 4800
2025-08-04 17:45:15,532 - INFO - Starting audio stream receiver...
2025-08-04 17:45:15,532 - INFO - Starting server on 0.0.0.0:3456
2025-08-04 17:45:15,532 - INFO - Server listening on 0.0.0.0:3456
2025-08-04 17:45:15,532 - INFO - Waiting for Pepper robot to connect...
2025-08-04 17:45:25,744 - INFO - Connected to Pepper robot at: ('10.234.7.18', 35131)
2025-08-04 17:45:25,744 - INFO - Setting up audio playback...
2025-08-04 17:45:25,744 - INFO - Using default output device: default
2025-08-04 17:45:25,744 - INFO - Device sample rate: 44100.0
2025-08-04 17:45:25,744 - INFO - Device channels: 64
2025-08-04 17:45:25,753 - INFO - Audio playback stream initialized successfully
2025-08-04 17:45:25,753 - INFO - Audio stream is active and ready
2025-08-04 17:45:25,753 - INFO - Starting receive thread...
2025-08-04 17:45:25,753 - INFO - Audio receive thread started
2025-08-04 17:45:25,753 - INFO - Waiting for connection to stabilize...
2025-08-04 17:45:26,753 - INFO - Audio stream enable command sent
2025-08-04 17:45:26,753 - INFO - Audio streaming started. Press Ctrl+C to stop...
2025-08-04 17:45:36,754 - INFO - Stats - Packets received: 0, Total bytes played: 0
2025-08-04 17:45:46,755 - INFO - Stats - Packets received: 0, Total bytes played: 0
2025-08-04 17:45:56,757 - INFO - Stats - Packets received: 0, Total bytes played: 0
2025-08-04 17:46:06,758 - INFO - Stats - Packets received: 0, Total bytes played: 0
2025-08-04 17:46:16,759 - INFO - Stats - Packets received: 0, Total bytes played: 0
2025-08-04 17:46:26,760 - INFO - Stats - Packets received: 0, Total bytes played: 0
2025-08-04 17:46:36,761 - INFO - Stats - Packets received: 0, Total bytes played: 0
2025-08-04 17:46:46,762 - INFO - Stats - Packets received: 0, Total bytes played: 0
2025-08-04 17:46:56,764 - INFO - Stats - Packets received: 0, Total bytes played: 0
2025-08-04 17:47:06,765 - INFO - Stats - Packets received: 0, Total bytes played: 0
2025-08-04 17:47:16,766 - INFO - Stats - Packets received: 0, Total bytes played: 0
2025-08-04 17:47:26,767 - INFO - Stats - Packets received: 0, Total bytes played: 0
2025-08-04 17:47:36,768 - INFO - Stats - Packets received: 0, Total bytes played: 0
2025-08-04 17:47:46,769 - INFO - Stats - Packets received: 0, Total bytes played: 0
2025-08-04 17:47:56,770 - INFO - Stats - Packets received: 0, Total bytes played: 0
2025-08-04 17:48:06,772 - INFO - Stats - Packets received: 0, Total bytes played: 0
2025-08-04 17:48:16,773 - INFO - Stats - Packets received: 0, Total bytes played: 0
2025-08-04 17:48:26,774 - INFO - Stats - Packets received: 0, Total bytes played: 0
2025-08-04 17:48:36,775 - INFO - Stats - Packets received: 0, Total bytes played: 0
2025-08-04 17:48:46,776 - INFO - Stats - Packets received: 0, Total bytes played: 0
2025-08-04 17:48:56,777 - INFO - Stats - Packets received: 0, Total bytes played: 0
2025-08-04 17:49:06,778 - INFO - Stats - Packets received: 0, Total bytes played: 0
2025-08-04 17:49:16,780 - INFO - Stats - Packets received: 0, Total bytes played: 0
2025-08-04 17:49:26,781 - INFO - Stats - Packets received: 0, Total bytes played: 0
2025-08-04 17:49:36,782 - INFO - Stats - Packets received: 0, Total bytes played: 0
2025-08-04 17:49:46,784 - INFO - Stats - Packets received: 0, Total bytes played: 0
2025-08-04 17:49:56,785 - INFO - Stats - Packets received: 0, Total bytes played: 0
2025-08-04 17:50:06,786 - INFO - Stats - Packets received: 0, Total bytes played: 0
2025-08-04 17:50:16,787 - INFO - Stats - Packets received: 0, Total bytes played: 0
2025-08-04 17:50:26,788 - INFO - Stats - Packets received: 0, Total bytes played: 0
2025-08-04 17:50:36,789 - INFO - Stats - Packets received: 0, Total bytes played: 0
2025-08-04 17:50:46,791 - INFO - Stats - Packets received: 0, Total bytes played: 0
2025-08-04 17:50:56,792 - INFO - Stats - Packets received: 0, Total bytes played: 0
2025-08-04 17:51:06,793 - INFO - Stats - Packets received: 0, Total bytes played: 0
2025-08-04 17:51:16,795 - INFO - Stats - Packets received: 0, Total bytes played: 0
2025-08-04 17:51:26,796 - INFO - Stats - Packets received: 0, Total bytes played: 0
2025-08-04 17:51:36,797 - INFO - Stats - Packets received: 0, Total bytes played: 0
2025-08-04 17:51:39,578 - INFO - Shutdown requested by user
2025-08-04 17:51:39,579 - INFO - Starting cleanup...
2025-08-04 17:51:39,579 - INFO - Disabling audio stream...
2025-08-04 17:51:39,579 - INFO - Audio stream disable command sent
2025-08-04 17:51:39,579 - INFO - Stopping audio stream...
2025-08-04 17:51:39,580 - INFO - Terminating PyAudio...
2025-08-04 17:51:39,581 - INFO - Closing client socket...
2025-08-04 17:51:39,581 - INFO - Closing server socket...
2025-08-04 17:51:39,581 - INFO - Final stats - Packets received: 0, Total bytes played: 0
2025-08-04 17:51:39,581 - INFO - Cleanup completed
2025-08-04 17:52:11,764 - INFO - Pepper Robot Audio Stream Receiver
2025-08-04 17:52:11,764 - INFO - ==================================
2025-08-04 17:52:11,764 - INFO - Robot IP: 10.234.7.18
2025-08-04 17:52:11,764 - INFO - Listening on: 0.0.0.0:3456
2025-08-04 17:52:11,764 - INFO - Log level: INFO
2025-08-04 17:52:11,764 - INFO - Audio config - Sample rate: 48000, Channels: 1, Chunk size: 4800
2025-08-04 17:52:11,849 - INFO - Starting audio stream receiver...
2025-08-04 17:52:11,849 - INFO - Starting server on 0.0.0.0:3456
2025-08-04 17:52:11,849 - INFO - Server listening on 0.0.0.0:3456
2025-08-04 17:52:11,849 - INFO - Waiting for Pepper robot to connect...
2025-08-04 17:52:14,756 - INFO - Connected to Pepper robot at: ('10.234.7.18', 35147)
2025-08-04 17:52:14,756 - INFO - Setting up audio playback...
2025-08-04 17:52:14,756 - INFO - Using default output device: default
2025-08-04 17:52:14,756 - INFO - Device sample rate: 44100.0
2025-08-04 17:52:14,756 - INFO - Device channels: 64
2025-08-04 17:52:14,765 - INFO - Audio playback stream initialized successfully
2025-08-04 17:52:14,766 - INFO - Audio stream is active and ready
2025-08-04 17:52:14,766 - INFO - Starting receive thread...
2025-08-04 17:52:14,766 - INFO - Audio receive thread started
2025-08-04 17:52:14,766 - INFO - Waiting for connection to stabilize...
2025-08-04 17:52:15,766 - INFO - Audio stream enable command sent
2025-08-04 17:52:15,766 - INFO - Audio streaming started. Press Ctrl+C to stop...
2025-08-04 17:52:15,875 - INFO - Played audio chunk: 9600 bytes (packet #1)
2025-08-04 17:52:15,983 - INFO - Played audio chunk: 9600 bytes (packet #2)
2025-08-04 17:52:16,100 - INFO - Played audio chunk: 9600 bytes (packet #3)
2025-08-04 17:52:16,194 - INFO - Played audio chunk: 9600 bytes (packet #4)
2025-08-04 17:52:16,410 - INFO - Played audio chunk: 9600 bytes (packet #5)
2025-08-04 17:52:16,519 - ERROR - Error in receive thread: 'int' object has no attribute 'get'
2025-08-04 17:52:16,519 - INFO - Audio receive thread ended
2025-08-04 17:52:25,767 - INFO - Stats - Packets received: 5, Total bytes played: 48000
2025-08-04 17:52:28,200 - INFO - Shutdown requested by user
2025-08-04 17:52:28,200 - INFO - Starting cleanup...
2025-08-04 17:52:28,200 - INFO - Disabling audio stream...
2025-08-04 17:52:28,200 - INFO - Audio stream disable command sent
2025-08-04 17:52:28,200 - INFO - Stopping audio stream...
2025-08-04 17:52:28,201 - INFO - Terminating PyAudio...
2025-08-04 17:52:28,203 - INFO - Closing client socket...
2025-08-04 17:52:28,203 - INFO - Closing server socket...
2025-08-04 17:52:28,203 - INFO - Final stats - Packets received: 5, Total bytes played: 48000
2025-08-04 17:52:28,203 - INFO - Cleanup completed
2025-08-04 17:54:32,044 - INFO - Pepper Robot Audio Stream Receiver
2025-08-04 17:54:32,044 - INFO - ==================================
2025-08-04 17:54:32,044 - INFO - Robot IP: 10.234.7.18
2025-08-04 17:54:32,044 - INFO - Listening on: 0.0.0.0:3456
2025-08-04 17:54:32,044 - INFO - Log level: INFO
2025-08-04 17:54:32,045 - INFO - Audio config - Sample rate: 48000, Channels: 1, Chunk size: 4800
2025-08-04 17:54:32,130 - INFO - Starting audio stream receiver...
2025-08-04 17:54:32,130 - INFO - Starting server on 0.0.0.0:3456
2025-08-04 17:54:32,130 - INFO - Server listening on 0.0.0.0:3456
2025-08-04 17:54:32,131 - INFO - Waiting for Pepper robot to connect...
2025-08-04 17:54:33,492 - INFO - Connected to Pepper robot at: ('10.234.7.18', 35173)
2025-08-04 17:54:33,492 - INFO - Setting up audio playback...
2025-08-04 17:54:33,492 - INFO - Using default output device: default
2025-08-04 17:54:33,492 - INFO - Device sample rate: 44100.0
2025-08-04 17:54:33,492 - INFO - Device channels: 64
2025-08-04 17:54:33,500 - INFO - Audio playback stream initialized successfully
2025-08-04 17:54:33,501 - INFO - Audio stream is active and ready
2025-08-04 17:54:33,501 - INFO - Starting receive thread...
2025-08-04 17:54:33,501 - INFO - Audio receive thread started
2025-08-04 17:54:33,501 - INFO - Waiting for connection to stabilize...
2025-08-04 17:54:34,501 - INFO - Audio stream enable command sent
2025-08-04 17:54:34,501 - INFO - Audio streaming started. Press Ctrl+C to stop...
2025-08-04 17:54:34,701 - INFO - Played audio chunk: 9600 bytes (packet #1)
2025-08-04 17:54:34,934 - INFO - Played audio chunk: 9600 bytes (packet #2)
2025-08-04 17:54:34,934 - WARNING - Unicode decode error: 'utf-8' codec can't decode byte 0xa3 in position 102: invalid start byte, skipping this chunk
2025-08-04 17:54:34,934 - WARNING - Unicode decode error: 'utf-8' codec can't decode byte 0x8e in position 0: invalid start byte, skipping this chunk
2025-08-04 17:54:34,935 - WARNING - Unicode decode error: 'utf-8' codec can't decode byte 0x8f in position 4: invalid start byte, skipping this chunk
2025-08-04 17:54:34,935 - WARNING - Unicode decode error: 'utf-8' codec can't decode byte 0x88 in position 0: invalid start byte, skipping this chunk
2025-08-04 17:54:34,942 - WARNING - Unicode decode error: 'utf-8' codec can't decode byte 0xdb in position 0: invalid continuation byte, skipping this chunk
2025-08-04 17:54:34,942 - WARNING - Unicode decode error: 'utf-8' codec can't decode byte 0xff in position 1: invalid start byte, skipping this chunk
2025-08-04 17:54:34,942 - WARNING - Unicode decode error: 'utf-8' codec can't decode byte 0xdc in position 0: invalid continuation byte, skipping this chunk
2025-08-04 17:54:34,943 - WARNING - Unicode decode error: 'utf-8' codec can't decode byte 0xa5 in position 106: invalid start byte, skipping this chunk
2025-08-04 17:54:34,943 - WARNING - Unicode decode error: 'utf-8' codec can't decode byte 0xba in position 0: invalid start byte, skipping this chunk
2025-08-04 17:54:34,943 - WARNING - Unicode decode error: 'utf-8' codec can't decode byte 0xa2 in position 0: invalid start byte, skipping this chunk
2025-08-04 17:54:34,944 - WARNING - Unicode decode error: 'utf-8' codec can't decode byte 0xfc in position 1: invalid start byte, skipping this chunk
2025-08-04 17:54:34,944 - WARNING - Unicode decode error: 'utf-8' codec can't decode byte 0xaa in position 2: invalid start byte, skipping this chunk
2025-08-04 17:54:34,944 - WARNING - Unicode decode error: 'utf-8' codec can't decode byte 0xff in position 1: invalid start byte, skipping this chunk
2025-08-04 17:54:34,944 - WARNING - Unicode decode error: 'utf-8' codec can't decode byte 0xe9 in position 4: invalid continuation byte, skipping this chunk
2025-08-04 17:54:35,004 - INFO - Played audio chunk: 9600 bytes (packet #3)
2025-08-04 17:54:35,220 - INFO - Played audio chunk: 9600 bytes (packet #4)
2025-08-04 17:54:35,221 - WARNING - Unicode decode error: 'utf-8' codec can't decode byte 0xf1 in position 106: invalid continuation byte, skipping this chunk
2025-08-04 17:54:35,222 - WARNING - Unicode decode error: 'utf-8' codec can't decode byte 0xff in position 1: invalid start byte, skipping this chunk
2025-08-04 17:54:35,222 - WARNING - Unicode decode error: 'utf-8' codec can't decode byte 0xf1 in position 0: invalid continuation byte, skipping this chunk
2025-08-04 17:54:35,223 - WARNING - Unicode decode error: 'utf-8' codec can't decode byte 0x88 in position 4: invalid start byte, skipping this chunk
2025-08-04 17:54:35,223 - WARNING - Unicode decode error: 'utf-8' codec can't decode byte 0xc2 in position 4: invalid continuation byte, skipping this chunk
2025-08-04 17:54:35,223 - WARNING - Unicode decode error: 'utf-8' codec can't decode byte 0xa4 in position 0: invalid start byte, skipping this chunk
2025-08-04 17:54:35,228 - WARNING - Unicode decode error: 'utf-8' codec can't decode byte 0xfe in position 1: invalid start byte, skipping this chunk
2025-08-04 17:54:35,471 - WARNING - Unicode decode error: 'utf-8' codec can't decode byte 0xba in position 102: invalid start byte, skipping this chunk
2025-08-04 17:54:35,471 - WARNING - Unicode decode error: 'utf-8' codec can't decode byte 0xcd in position 0: invalid continuation byte, skipping this chunk
2025-08-04 17:54:35,471 - WARNING - Unicode decode error: 'utf-8' codec can't decode byte 0xfe in position 1: invalid start byte, skipping this chunk
2025-08-04 17:54:35,471 - WARNING - Unicode decode error: 'utf-8' codec can't decode byte 0x85 in position 2: invalid start byte, skipping this chunk
2025-08-04 17:54:35,472 - WARNING - Unicode decode error: 'utf-8' codec can't decode byte 0xff in position 1: invalid start byte, skipping this chunk
2025-08-04 17:54:35,472 - WARNING - Unicode decode error: 'utf-8' codec can't decode byte 0xfe in position 103: invalid start byte, skipping this chunk
2025-08-04 17:54:35,473 - WARNING - Unicode decode error: 'utf-8' codec can't decode byte 0xf2 in position 0: invalid continuation byte, skipping this chunk
2025-08-04 17:54:35,473 - WARNING - Unicode decode error: 'utf-8' codec can't decode byte 0xbe in position 0: invalid start byte, skipping this chunk
2025-08-04 17:54:35,473 - WARNING - Unicode decode error: 'utf-8' codec can't decode byte 0xb6 in position 2: invalid start byte, skipping this chunk
2025-08-04 17:54:35,474 - WARNING - Unicode decode error: 'utf-8' codec can't decode byte 0x83 in position 4: invalid start byte, skipping this chunk
2025-08-04 17:54:35,475 - WARNING - Unicode decode error: 'utf-8' codec can't decode byte 0xff in position 1: invalid start byte, skipping this chunk
2025-08-04 17:54:35,475 - WARNING - Unicode decode error: 'utf-8' codec can't decode byte 0xff in position 7: invalid start byte, skipping this chunk
2025-08-04 17:54:35,476 - WARNING - Unicode decode error: 'utf-8' codec can't decode byte 0xc0 in position 0: invalid start byte, skipping this chunk
2025-08-04 17:54:35,476 - WARNING - Unicode decode error: 'utf-8' codec can't decode byte 0xbe in position 8: invalid start byte, skipping this chunk
2025-08-04 17:54:35,485 - WARNING - Unicode decode error: 'utf-8' codec can't decode byte 0xff in position 1: invalid start byte, skipping this chunk
2025-08-04 17:54:35,485 - WARNING - Unicode decode error: 'utf-8' codec can't decode byte 0xc1 in position 0: invalid start byte, skipping this chunk
2025-08-04 17:54:35,489 - WARNING - Unicode decode error: 'utf-8' codec can't decode byte 0xff in position 1: invalid start byte, skipping this chunk
2025-08-04 17:54:35,490 - WARNING - Unicode decode error: 'utf-8' codec can't decode byte 0xe3 in position 0: invalid continuation byte, skipping this chunk
2025-08-04 17:54:35,675 - INFO - Played audio chunk: 9600 bytes (packet #5)
2025-08-04 17:54:35,951 - INFO - Played audio chunk: 9600 bytes (packet #6)
2025-08-04 17:54:35,951 - WARNING - Unicode decode error: 'utf-8' codec can't decode byte 0x8a in position 104: invalid start byte, skipping this chunk
2025-08-04 17:54:35,951 - WARNING - Unicode decode error: 'utf-8' codec can't decode byte 0xa9 in position 0: invalid start byte, skipping this chunk
2025-08-04 17:54:35,952 - WARNING - Unicode decode error: 'utf-8' codec can't decode byte 0xe7 in position 10: invalid continuation byte, skipping this chunk
2025-08-04 17:54:35,952 - WARNING - Unicode decode error: 'utf-8' codec can't decode byte 0x8f in position 6: invalid start byte, skipping this chunk
2025-08-04 17:54:35,952 - WARNING - Unicode decode error: 'utf-8' codec can't decode byte 0xb0 in position 0: invalid start byte, skipping this chunk
2025-08-04 17:54:35,953 - WARNING - Unicode decode error: 'utf-8' codec can't decode byte 0xf6 in position 6: invalid start byte, skipping this chunk
2025-08-04 17:54:35,953 - WARNING - Unicode decode error: 'utf-8' codec can't decode byte 0xb0 in position 8: invalid start byte, skipping this chunk
2025-08-04 17:54:35,953 - WARNING - Unicode decode error: 'utf-8' codec can't decode byte 0xb7 in position 8: invalid start byte, skipping this chunk
2025-08-04 17:54:35,962 - WARNING - Unicode decode error: 'utf-8' codec can't decode byte 0xc6 in position 0: invalid continuation byte, skipping this chunk
2025-08-04 17:54:35,964 - WARNING - Unicode decode error: 'utf-8' codec can't decode byte 0x90 in position 2: invalid start byte, skipping this chunk
2025-08-04 17:54:35,971 - WARNING - Unicode decode error: 'utf-8' codec can't decode byte 0xfe in position 1: invalid start byte, skipping this chunk
2025-08-04 17:54:36,024 - INFO - Played audio chunk: 9600 bytes (packet #7)
2025-08-04 17:54:36,219 - WARNING - Unicode decode error: 'utf-8' codec can't decode byte 0xc4 in position 104: invalid continuation byte, skipping this chunk
2025-08-04 17:54:36,219 - WARNING - Unicode decode error: 'utf-8' codec can't decode byte 0xfa in position 0: invalid start byte, skipping this chunk
2025-08-04 17:54:36,219 - WARNING - Unicode decode error: 'utf-8' codec can't decode byte 0xb2 in position 0: invalid start byte, skipping this chunk
2025-08-04 17:54:36,219 - WARNING - Unicode decode error: 'utf-8' codec can't decode byte 0xa0 in position 0: invalid start byte, skipping this chunk
2025-08-04 17:54:36,220 - WARNING - Unicode decode error: 'utf-8' codec can't decode byte 0xec in position 0: invalid continuation byte, skipping this chunk
2025-08-04 17:54:36,221 - WARNING - Unicode decode error: 'utf-8' codec can't decode byte 0xbd in position 2: invalid start byte, skipping this chunk
2025-08-04 17:54:36,221 - WARNING - Unicode decode error: 'utf-8' codec can't decode byte 0x96 in position 0: invalid start byte, skipping this chunk
2025-08-04 17:54:36,221 - WARNING - Unicode decode error: 'utf-8' codec can't decode byte 0xa8 in position 4: invalid start byte, skipping this chunk
2025-08-04 17:54:36,222 - WARNING - Unicode decode error: 'utf-8' codec can't decode byte 0x9b in position 14: invalid start byte, skipping this chunk
2025-08-04 17:54:36,225 - WARNING - Unicode decode error: 'utf-8' codec can't decode byte 0x9d in position 0: invalid start byte, skipping this chunk
2025-08-04 17:54:36,226 - WARNING - Unicode decode error: 'utf-8' codec can't decode byte 0xff in position 1: invalid start byte, skipping this chunk
2025-08-04 17:54:36,226 - WARNING - Unicode decode error: 'utf-8' codec can't decode byte 0x89 in position 0: invalid start byte, skipping this chunk
2025-08-04 17:54:36,266 - WARNING - Unicode decode error: 'utf-8' codec can't decode byte 0x92 in position 0: invalid start byte, skipping this chunk
2025-08-04 17:54:36,496 - INFO - Played audio chunk: 9600 bytes (packet #8)
2025-08-04 17:54:36,496 - WARNING - Unicode decode error: 'utf-8' codec can't decode byte 0xef in position 110: invalid continuation byte, skipping this chunk
2025-08-04 17:54:36,496 - WARNING - Unicode decode error: 'utf-8' codec can't decode byte 0xd6 in position 8: invalid continuation byte, skipping this chunk
2025-08-04 17:54:36,497 - WARNING - Unicode decode error: 'utf-8' codec can't decode byte 0xff in position 1: invalid start byte, skipping this chunk
2025-08-04 17:54:36,497 - WARNING - Unicode decode error: 'utf-8' codec can't decode byte 0xc6 in position 0: invalid continuation byte, skipping this chunk
2025-08-04 17:54:36,498 - WARNING - Unicode decode error: 'utf-8' codec can't decode byte 0xff in position 1: invalid start byte, skipping this chunk
2025-08-04 17:54:36,502 - WARNING - Unicode decode error: 'utf-8' codec can't decode byte 0x88 in position 2: invalid start byte, skipping this chunk
2025-08-04 17:54:36,503 - WARNING - Unicode decode error: 'utf-8' codec can't decode byte 0x91 in position 0: invalid start byte, skipping this chunk
2025-08-04 17:54:36,504 - WARNING - Unicode decode error: 'utf-8' codec can't decode byte 0xd5 in position 0: invalid continuation byte, skipping this chunk
2025-08-04 17:54:36,504 - WARNING - Unicode decode error: 'utf-8' codec can't decode byte 0xcc in position 0: invalid continuation byte, skipping this chunk
2025-08-04 17:54:36,517 - WARNING - Unicode decode error: 'utf-8' codec can't decode byte 0xb9 in position 0: invalid start byte, skipping this chunk
2025-08-04 17:54:36,518 - WARNING - Unicode decode error: 'utf-8' codec can't decode byte 0xfc in position 1: invalid start byte, skipping this chunk
2025-08-04 17:54:36,518 - WARNING - Unicode decode error: 'utf-8' codec can't decode byte 0xdf in position 2: invalid continuation byte, skipping this chunk
2025-08-04 17:54:36,519 - WARNING - Unicode decode error: 'utf-8' codec can't decode byte 0xcc in position 0: invalid continuation byte, skipping this chunk
2025-08-04 17:54:36,767 - INFO - Played audio chunk: 9600 bytes (packet #9)
2025-08-04 17:54:36,773 - WARNING - Unicode decode error: 'utf-8' codec can't decode byte 0xa1 in position 102: invalid start byte, skipping this chunk
2025-08-04 17:54:36,773 - WARNING - Unicode decode error: 'utf-8' codec can't decode byte 0xfe in position 1: invalid start byte, skipping this chunk
2025-08-04 17:54:36,774 - WARNING - Unicode decode error: 'utf-8' codec can't decode byte 0xc2 in position 6: invalid continuation byte, skipping this chunk
2025-08-04 17:54:36,774 - WARNING - Unicode decode error: 'utf-8' codec can't decode byte 0xbc in position 0: invalid start byte, skipping this chunk
2025-08-04 17:54:36,774 - WARNING - Unicode decode error: 'utf-8' codec can't decode byte 0xe2 in position 0: invalid continuation byte, skipping this chunk
2025-08-04 17:54:36,774 - WARNING - Unicode decode error: 'utf-8' codec can't decode byte 0xb2 in position 0: invalid start byte, skipping this chunk
2025-08-04 17:54:36,806 - WARNING - Unicode decode error: 'utf-8' codec can't decode byte 0xe0 in position 102: invalid continuation byte, skipping this chunk
2025-08-04 17:54:36,807 - WARNING - Unicode decode error: 'utf-8' codec can't decode byte 0xcb in position 0: invalid continuation byte, skipping this chunk
2025-08-04 17:54:36,807 - WARNING - Unicode decode error: 'utf-8' codec can't decode byte 0xff in position 1: invalid start byte, skipping this chunk
2025-08-04 17:54:36,807 - WARNING - Unicode decode error: 'utf-8' codec can't decode byte 0xd3 in position 0: invalid continuation byte, skipping this chunk
2025-08-04 17:54:36,807 - WARNING - Unicode decode error: 'utf-8' codec can't decode byte 0xc9 in position 0: invalid continuation byte, skipping this chunk
2025-08-04 17:54:36,807 - WARNING - Unicode decode error: 'utf-8' codec can't decode byte 0xfe in position 1: invalid start byte, skipping this chunk
2025-08-04 17:54:36,970 - WARNING - Unicode decode error: 'utf-8' codec can't decode byte 0xe7 in position 2: invalid continuation byte, skipping this chunk
2025-08-04 17:54:36,973 - WARNING - Unicode decode error: 'utf-8' codec can't decode byte 0xca in position 106: invalid continuation byte, skipping this chunk
2025-08-04 17:54:36,973 - WARNING - Unicode decode error: 'utf-8' codec can't decode byte 0xb4 in position 0: invalid start byte, skipping this chunk
2025-08-04 17:54:36,973 - WARNING - Unicode decode error: 'utf-8' codec can't decode byte 0xff in position 1: invalid start byte, skipping this chunk
2025-08-04 17:54:36,973 - WARNING - Unicode decode error: 'utf-8' codec can't decode byte 0xdf in position 4: invalid continuation byte, skipping this chunk
2025-08-04 17:54:36,974 - WARNING - Unicode decode error: 'utf-8' codec can't decode byte 0xd1 in position 4: invalid continuation byte, skipping this chunk
2025-08-04 17:54:36,974 - WARNING - Unicode decode error: 'utf-8' codec can't decode byte 0xff in position 1: invalid start byte, skipping this chunk
2025-08-04 17:54:36,979 - WARNING - Unicode decode error: 'utf-8' codec can't decode byte 0xf7 in position 4: invalid start byte, skipping this chunk
2025-08-04 17:54:37,037 - INFO - Played audio chunk: 9600 bytes (packet #10)
2025-08-04 17:54:37,182 - WARNING - Unicode decode error: 'utf-8' codec can't decode byte 0xcf in position 102: invalid continuation byte, skipping this chunk
2025-08-04 17:54:37,186 - WARNING - Unicode decode error: 'utf-8' codec can't decode byte 0x93 in position 0: invalid start byte, skipping this chunk
2025-08-04 17:54:37,186 - WARNING - Unicode decode error: 'utf-8' codec can't decode byte 0xe6 in position 2: invalid continuation byte, skipping this chunk
2025-08-04 17:54:37,186 - WARNING - Unicode decode error: 'utf-8' codec can't decode byte 0xa5 in position 0: invalid start byte, skipping this chunk
2025-08-04 17:54:37,190 - WARNING - Unicode decode error: 'utf-8' codec can't decode byte 0xfe in position 1: invalid start byte, skipping this chunk
2025-08-04 17:54:37,190 - WARNING - Unicode decode error: 'utf-8' codec can't decode byte 0x85 in position 16: invalid start byte, skipping this chunk
2025-08-04 17:54:37,190 - WARNING - Unicode decode error: 'utf-8' codec can't decode byte 0xc7 in position 0: invalid continuation byte, skipping this chunk
2025-08-04 17:54:37,190 - WARNING - Unicode decode error: 'utf-8' codec can't decode byte 0xff in position 1: invalid start byte, skipping this chunk
2025-08-04 17:54:37,204 - WARNING - Unicode decode error: 'utf-8' codec can't decode byte 0xad in position 2: invalid start byte, skipping this chunk
2025-08-04 17:54:37,265 - WARNING - Unicode decode error: 'utf-8' codec can't decode byte 0x91 in position 102: invalid start byte, skipping this chunk
2025-08-04 17:54:37,265 - WARNING - Unicode decode error: 'utf-8' codec can't decode byte 0xf3 in position 0: invalid continuation byte, skipping this chunk
2025-08-04 17:54:37,395 - WARNING - Unicode decode error: 'utf-8' codec can't decode byte 0xff in position 1: invalid start byte, skipping this chunk
2025-08-04 17:54:37,401 - WARNING - Unicode decode error: 'utf-8' codec can't decode byte 0x80 in position 0: invalid start byte, skipping this chunk
2025-08-04 17:54:37,401 - WARNING - Unicode decode error: 'utf-8' codec can't decode byte 0xcb in position 6: invalid continuation byte, skipping this chunk
2025-08-04 17:54:37,401 - WARNING - Unicode decode error: 'utf-8' codec can't decode byte 0xcc in position 0: invalid continuation byte, skipping this chunk
2025-08-04 17:54:37,401 - WARNING - Unicode decode error: 'utf-8' codec can't decode byte 0x87 in position 0: invalid start byte, skipping this chunk
2025-08-04 17:54:37,405 - WARNING - Unicode decode error: 'utf-8' codec can't decode byte 0x90 in position 0: invalid start byte, skipping this chunk
2025-08-04 17:54:37,669 - INFO - Played audio chunk: 9600 bytes (packet #11)
2025-08-04 17:54:37,669 - WARNING - Unicode decode error: 'utf-8' codec can't decode byte 0xc1 in position 102: invalid start byte, skipping this chunk
2025-08-04 17:54:37,670 - WARNING - Unicode decode error: 'utf-8' codec can't decode byte 0xce in position 0: invalid continuation byte, skipping this chunk
2025-08-04 17:54:37,670 - WARNING - Unicode decode error: 'utf-8' codec can't decode byte 0xe7 in position 0: invalid continuation byte, skipping this chunk
2025-08-04 17:54:37,670 - WARNING - Unicode decode error: 'utf-8' codec can't decode byte 0xf3 in position 2: invalid continuation byte, skipping this chunk
2025-08-04 17:54:37,670 - WARNING - Unicode decode error: 'utf-8' codec can't decode byte 0xa9 in position 4: invalid start byte, skipping this chunk
2025-08-04 17:54:37,671 - WARNING - Unicode decode error: 'utf-8' codec can't decode byte 0x9a in position 0: invalid start byte, skipping this chunk
2025-08-04 17:54:37,681 - WARNING - Unicode decode error: 'utf-8' codec can't decode byte 0xe2 in position 0: invalid continuation byte, skipping this chunk
2025-08-04 17:54:37,723 - INFO - Played audio chunk: 9600 bytes (packet #12)
2025-08-04 17:54:37,936 - INFO - Played audio chunk: 9600 bytes (packet #13)
2025-08-04 17:54:37,936 - WARNING - Unicode decode error: 'utf-8' codec can't decode byte 0x81 in position 102: invalid start byte, skipping this chunk
2025-08-04 17:54:37,936 - WARNING - Unicode decode error: 'utf-8' codec can't decode byte 0x8a in position 2: invalid start byte, skipping this chunk
2025-08-04 17:54:37,937 - WARNING - Unicode decode error: 'utf-8' codec can't decode byte 0xfd in position 4: invalid start byte, skipping this chunk
2025-08-04 17:54:37,937 - WARNING - Unicode decode error: 'utf-8' codec can't decode byte 0xff in position 1: invalid start byte, skipping this chunk
2025-08-04 17:54:37,937 - WARNING - Unicode decode error: 'utf-8' codec can't decode byte 0xf8 in position 0: invalid start byte, skipping this chunk
2025-08-04 17:54:37,938 - WARNING - Unicode decode error: 'utf-8' codec can't decode byte 0xad in position 4: invalid start byte, skipping this chunk
2025-08-04 17:54:37,938 - WARNING - Unicode decode error: 'utf-8' codec can't decode byte 0xfe in position 1: invalid start byte, skipping this chunk
2025-08-04 17:54:38,150 - INFO - Played audio chunk: 9600 bytes (packet #14)
2025-08-04 17:54:38,180 - INFO - Played audio chunk: 9600 bytes (packet #15)
2025-08-04 17:54:38,180 - WARNING - Unicode decode error: 'utf-8' codec can't decode byte 0xda in position 102: invalid continuation byte, skipping this chunk
2025-08-04 17:54:38,182 - WARNING - Unicode decode error: 'utf-8' codec can't decode byte 0x97 in position 2: invalid start byte, skipping this chunk
2025-08-04 17:54:38,183 - WARNING - Unicode decode error: 'utf-8' codec can't decode byte 0xe4 in position 4: invalid continuation byte, skipping this chunk
2025-08-04 17:54:38,183 - WARNING - Unicode decode error: 'utf-8' codec can't decode byte 0xc7 in position 0: invalid continuation byte, skipping this chunk
2025-08-04 17:54:38,183 - WARNING - Unicode decode error: 'utf-8' codec can't decode byte 0xac in position 0: invalid start byte, skipping this chunk
2025-08-04 17:54:38,189 - WARNING - Unicode decode error: 'utf-8' codec can't decode byte 0xb9 in position 0: invalid start byte, skipping this chunk
2025-08-04 17:54:38,403 - INFO - Played audio chunk: 9600 bytes (packet #16)
2025-08-04 17:54:38,403 - WARNING - Unicode decode error: 'utf-8' codec can't decode byte 0x9d in position 102: invalid start byte, skipping this chunk
2025-08-04 17:54:38,403 - WARNING - Unicode decode error: 'utf-8' codec can't decode byte 0xfb in position 2: invalid start byte, skipping this chunk
2025-08-04 17:54:38,403 - WARNING - Unicode decode error: 'utf-8' codec can't decode byte 0xca in position 1: invalid continuation byte, skipping this chunk
2025-08-04 17:54:38,404 - WARNING - Unicode decode error: 'utf-8' codec can't decode byte 0x99 in position 4: invalid start byte, skipping this chunk
2025-08-04 17:54:38,405 - WARNING - Unicode decode error: 'utf-8' codec can't decode byte 0xab in position 2: invalid start byte, skipping this chunk
2025-08-04 17:54:38,405 - WARNING - Unicode decode error: 'utf-8' codec can't decode byte 0xbb in position 2: invalid start byte, skipping this chunk
2025-08-04 17:54:38,419 - WARNING - Unicode decode error: 'utf-8' codec can't decode byte 0xf5 in position 1: invalid start byte, skipping this chunk
2025-08-04 17:54:38,664 - INFO - Played audio chunk: 9600 bytes (packet #17)
2025-08-04 17:54:38,664 - WARNING - Unicode decode error: 'utf-8' codec can't decode byte 0xc6 in position 108: invalid continuation byte, skipping this chunk
2025-08-04 17:54:38,665 - WARNING - Unicode decode error: 'utf-8' codec can't decode byte 0xaf in position 2: invalid start byte, skipping this chunk
2025-08-04 17:54:38,665 - WARNING - Unicode decode error: 'utf-8' codec can't decode byte 0xb1 in position 2: invalid start byte, skipping this chunk
2025-08-04 17:54:38,670 - WARNING - Unicode decode error: 'utf-8' codec can't decode byte 0x84 in position 0: invalid start byte, skipping this chunk
2025-08-04 17:54:38,670 - WARNING - Unicode decode error: 'utf-8' codec can't decode byte 0x99 in position 0: invalid start byte, skipping this chunk
2025-08-04 17:54:38,710 - WARNING - Unicode decode error: 'utf-8' codec can't decode byte 0xe0 in position 0: invalid continuation byte, skipping this chunk
2025-08-04 17:54:38,741 - WARNING - Unicode decode error: 'utf-8' codec can't decode byte 0xf0 in position 102: invalid continuation byte, skipping this chunk
2025-08-04 17:54:38,742 - WARNING - Unicode decode error: 'utf-8' codec can't decode byte 0xaf in position 2: invalid start byte, skipping this chunk
2025-08-04 17:54:38,915 - WARNING - Unicode decode error: 'utf-8' codec can't decode byte 0xc0 in position 2: invalid start byte, skipping this chunk
2025-08-04 17:54:38,915 - WARNING - Unicode decode error: 'utf-8' codec can't decode byte 0xe1 in position 0: invalid continuation byte, skipping this chunk
2025-08-04 17:54:38,915 - WARNING - Unicode decode error: 'utf-8' codec can't decode byte 0xfe in position 2: invalid start byte, skipping this chunk
2025-08-04 17:54:38,916 - WARNING - Unicode decode error: 'utf-8' codec can't decode byte 0x91 in position 0: invalid start byte, skipping this chunk
2025-08-04 17:54:38,916 - WARNING - Unicode decode error: 'utf-8' codec can't decode byte 0xd5 in position 0: invalid continuation byte, skipping this chunk
2025-08-04 17:54:38,921 - WARNING - Unicode decode error: 'utf-8' codec can't decode byte 0xca in position 103: invalid continuation byte, skipping this chunk
2025-08-04 17:54:38,922 - WARNING - Unicode decode error: 'utf-8' codec can't decode byte 0x90 in position 0: invalid start byte, skipping this chunk
2025-08-04 17:54:38,922 - WARNING - Unicode decode error: 'utf-8' codec can't decode byte 0xfd in position 1: invalid start byte, skipping this chunk
2025-08-04 17:54:38,925 - WARNING - Unicode decode error: 'utf-8' codec can't decode byte 0xfa in position 1: invalid start byte, skipping this chunk
2025-08-04 17:54:38,925 - WARNING - Unicode decode error: 'utf-8' codec can't decode byte 0xcd in position 0: invalid continuation byte, skipping this chunk
2025-08-04 17:54:38,925 - WARNING - Unicode decode error: 'utf-8' codec can't decode byte 0x82 in position 0: invalid start byte, skipping this chunk
2025-08-04 17:54:38,926 - WARNING - Unicode decode error: 'utf-8' codec can't decode byte 0xab in position 0: invalid start byte, skipping this chunk
2025-08-04 17:54:38,926 - WARNING - Unicode decode error: 'utf-8' codec can't decode byte 0xb2 in position 2: invalid start byte, skipping this chunk
2025-08-04 17:54:38,927 - WARNING - Unicode decode error: 'utf-8' codec can't decode byte 0xb3 in position 0: invalid start byte, skipping this chunk
2025-08-04 17:54:38,927 - WARNING - Unicode decode error: 'utf-8' codec can't decode byte 0xfa in position 2: invalid start byte, skipping this chunk
2025-08-04 17:54:38,927 - WARNING - Unicode decode error: 'utf-8' codec can't decode byte 0xe8 in position 6: invalid continuation byte, skipping this chunk
2025-08-04 17:54:38,927 - WARNING - Unicode decode error: 'utf-8' codec can't decode byte 0xaa in position 10: invalid start byte, skipping this chunk
2025-08-04 17:54:38,928 - WARNING - Unicode decode error: 'utf-8' codec can't decode byte 0xba in position 0: invalid start byte, skipping this chunk
2025-08-04 17:54:38,928 - WARNING - Unicode decode error: 'utf-8' codec can't decode byte 0xff in position 5: invalid start byte, skipping this chunk
2025-08-04 17:54:38,977 - INFO - Played audio chunk: 9600 bytes (packet #18)
2025-08-04 17:54:39,218 - INFO - Played audio chunk: 9600 bytes (packet #19)
2025-08-04 17:54:39,218 - WARNING - Unicode decode error: 'utf-8' codec can't decode byte 0xba in position 102: invalid start byte, skipping this chunk
2025-08-04 17:54:39,218 - WARNING - Unicode decode error: 'utf-8' codec can't decode byte 0xec in position 2: invalid continuation byte, skipping this chunk
2025-08-04 17:54:39,219 - WARNING - Unicode decode error: 'utf-8' codec can't decode byte 0xcf in position 0: invalid continuation byte, skipping this chunk
2025-08-04 17:54:39,219 - WARNING - Unicode decode error: 'utf-8' codec can't decode byte 0xff in position 1: invalid start byte, skipping this chunk
2025-08-04 17:54:39,219 - WARNING - Unicode decode error: 'utf-8' codec can't decode byte 0x80 in position 2: invalid start byte, skipping this chunk
2025-08-04 17:54:39,219 - WARNING - Unicode decode error: 'utf-8' codec can't decode byte 0xba in position 2: invalid start byte, skipping this chunk
2025-08-04 17:54:39,227 - WARNING - Unicode decode error: 'utf-8' codec can't decode byte 0xc9 in position 0: invalid continuation byte, skipping this chunk
2025-08-04 17:54:39,455 - INFO - Played audio chunk: 9600 bytes (packet #20)
2025-08-04 17:54:39,455 - WARNING - Unicode decode error: 'utf-8' codec can't decode byte 0xfd in position 102: invalid start byte, skipping this chunk
2025-08-04 17:54:39,456 - WARNING - Unicode decode error: 'utf-8' codec can't decode byte 0xf0 in position 0: invalid continuation byte, skipping this chunk
2025-08-04 17:54:39,456 - WARNING - Unicode decode error: 'utf-8' codec can't decode byte 0xff in position 1: invalid start byte, skipping this chunk
2025-08-04 17:54:39,456 - WARNING - Unicode decode error: 'utf-8' codec can't decode byte 0x85 in position 0: invalid start byte, skipping this chunk
2025-08-04 17:54:39,456 - WARNING - Unicode decode error: 'utf-8' codec can't decode byte 0xdf in position 8: invalid continuation byte, skipping this chunk
2025-08-04 17:54:39,457 - WARNING - Unicode decode error: 'utf-8' codec can't decode byte 0xab in position 4: invalid start byte, skipping this chunk
2025-08-04 17:54:39,519 - WARNING - Unicode decode error: 'utf-8' codec can't decode byte 0xf6 in position 2: invalid start byte, skipping this chunk
2025-08-04 17:54:39,535 - WARNING - Unicode decode error: 'utf-8' codec can't decode byte 0xfd in position 105: invalid start byte, skipping this chunk
2025-08-04 17:54:39,535 - WARNING - Unicode decode error: 'utf-8' codec can't decode byte 0xfc in position 0: invalid start byte, skipping this chunk
2025-08-04 17:54:39,676 - WARNING - Unicode decode error: 'utf-8' codec can't decode byte 0xa0 in position 0: invalid start byte, skipping this chunk
2025-08-04 17:54:39,676 - WARNING - Unicode decode error: 'utf-8' codec can't decode byte 0xfd in position 1: invalid start byte, skipping this chunk
2025-08-04 17:54:39,676 - WARNING - Unicode decode error: 'utf-8' codec can't decode byte 0x98 in position 2: invalid start byte, skipping this chunk
2025-08-04 17:54:39,677 - WARNING - Unicode decode error: 'utf-8' codec can't decode byte 0x90 in position 2: invalid start byte, skipping this chunk
2025-08-04 17:54:39,677 - WARNING - Unicode decode error: 'utf-8' codec can't decode byte 0xd7 in position 2: invalid continuation byte, skipping this chunk
2025-08-04 17:54:39,677 - WARNING - Unicode decode error: 'utf-8' codec can't decode byte 0x84 in position 0: invalid start byte, skipping this chunk
2025-08-04 17:54:39,677 - WARNING - Unicode decode error: 'utf-8' codec can't decode byte 0xe4 in position 4: invalid continuation byte, skipping this chunk
2025-08-04 17:54:39,680 - WARNING - Unicode decode error: 'utf-8' codec can't decode byte 0xfe in position 1: invalid start byte, skipping this chunk
2025-08-04 17:54:39,684 - WARNING - Unicode decode error: 'utf-8' codec can't decode byte 0xd7 in position 0: invalid continuation byte, skipping this chunk
2025-08-04 17:54:39,684 - WARNING - Unicode decode error: 'utf-8' codec can't decode byte 0x96 in position 4: invalid start byte, skipping this chunk
2025-08-04 17:54:39,684 - WARNING - Unicode decode error: 'utf-8' codec can't decode byte 0xbd in position 2: invalid start byte, skipping this chunk
2025-08-04 17:54:39,684 - WARNING - Unicode decode error: 'utf-8' codec can't decode byte 0xdd in position 0: invalid continuation byte, skipping this chunk
2025-08-04 17:54:39,685 - WARNING - Unicode decode error: 'utf-8' codec can't decode byte 0xfb in position 102: invalid start byte, skipping this chunk
2025-08-04 17:54:39,685 - WARNING - Unicode decode error: 'utf-8' codec can't decode byte 0xf5 in position 0: invalid start byte, skipping this chunk
2025-08-04 17:54:39,686 - WARNING - Unicode decode error: 'utf-8' codec can't decode byte 0xb6 in position 0: invalid start byte, skipping this chunk
2025-08-04 17:54:39,686 - WARNING - Unicode decode error: 'utf-8' codec can't decode byte 0xfa in position 1: invalid start byte, skipping this chunk
2025-08-04 17:54:39,686 - WARNING - Unicode decode error: 'utf-8' codec can't decode byte 0xbe in position 2: invalid start byte, skipping this chunk
2025-08-04 17:54:39,693 - WARNING - Unicode decode error: 'utf-8' codec can't decode byte 0xdf in position 6: invalid continuation byte, skipping this chunk
2025-08-04 17:54:39,694 - WARNING - Unicode decode error: 'utf-8' codec can't decode byte 0xb3 in position 6: invalid start byte, skipping this chunk
2025-08-04 17:54:39,934 - WARNING - Unicode decode error: 'utf-8' codec can't decode byte 0xf5 in position 102: invalid start byte, skipping this chunk
2025-08-04 17:54:39,934 - WARNING - Unicode decode error: 'utf-8' codec can't decode byte 0xc1 in position 0: invalid start byte, skipping this chunk
2025-08-04 17:54:39,934 - WARNING - Unicode decode error: 'utf-8' codec can't decode byte 0xc7 in position 0: invalid continuation byte, skipping this chunk
2025-08-04 17:54:39,935 - WARNING - Unicode decode error: 'utf-8' codec can't decode byte 0x8a in position 4: invalid start byte, skipping this chunk
2025-08-04 17:54:39,935 - WARNING - Unicode decode error: 'utf-8' codec can't decode byte 0xc4 in position 0: invalid continuation byte, skipping this chunk
2025-08-04 17:54:39,935 - WARNING - Unicode decode error: 'utf-8' codec can't decode byte 0xc1 in position 4: invalid start byte, skipping this chunk
2025-08-04 17:54:39,935 - WARNING - Unicode decode error: 'utf-8' codec can't decode byte 0xa6 in position 0: invalid start byte, skipping this chunk
2025-08-04 17:54:39,936 - WARNING - Unicode decode error: 'utf-8' codec can't decode byte 0xfe in position 0: invalid start byte, skipping this chunk
2025-08-04 17:54:39,936 - WARNING - Unicode decode error: 'utf-8' codec can't decode byte 0xcd in position 2: invalid continuation byte, skipping this chunk
2025-08-04 17:54:39,990 - WARNING - Unicode decode error: 'utf-8' codec can't decode byte 0xfe in position 0: invalid start byte, skipping this chunk
2025-08-04 17:54:39,992 - WARNING - Unicode decode error: 'utf-8' codec can't decode byte 0xfe in position 1: invalid start byte, skipping this chunk
2025-08-04 17:54:40,148 - WARNING - Unicode decode error: 'utf-8' codec can't decode byte 0xd1 in position 4: invalid continuation byte, skipping this chunk
2025-08-04 17:54:40,153 - WARNING - Unicode decode error: 'utf-8' codec can't decode byte 0xf6 in position 0: invalid start byte, skipping this chunk
2025-08-04 17:54:40,153 - WARNING - Unicode decode error: 'utf-8' codec can't decode byte 0xad in position 0: invalid start byte, skipping this chunk
2025-08-04 17:54:40,153 - WARNING - Unicode decode error: 'utf-8' codec can't decode byte 0xae in position 4: invalid start byte, skipping this chunk
2025-08-04 17:54:40,153 - WARNING - Unicode decode error: 'utf-8' codec can't decode byte 0xa9 in position 0: invalid start byte, skipping this chunk
2025-08-04 17:54:40,154 - WARNING - Unicode decode error: 'utf-8' codec can't decode byte 0xf2 in position 0: invalid continuation byte, skipping this chunk
2025-08-04 17:54:40,176 - WARNING - Unicode decode error: 'utf-8' codec can't decode byte 0xd3 in position 0: invalid continuation byte, skipping this chunk
2025-08-04 17:54:40,227 - INFO - Played audio chunk: 9600 bytes (packet #21)
2025-08-04 17:54:40,227 - WARNING - Unicode decode error: 'utf-8' codec can't decode byte 0xfe in position 103: invalid start byte, skipping this chunk
2025-08-04 17:54:40,227 - WARNING - Unicode decode error: 'utf-8' codec can't decode byte 0xfb in position 1: invalid start byte, skipping this chunk
2025-08-04 17:54:40,227 - WARNING - Unicode decode error: 'utf-8' codec can't decode byte 0xf7 in position 1: invalid start byte, skipping this chunk
2025-08-04 17:54:40,228 - WARNING - Unicode decode error: 'utf-8' codec can't decode byte 0xf4 in position 1: invalid continuation byte, skipping this chunk
2025-08-04 17:54:40,228 - WARNING - Unicode decode error: 'utf-8' codec can't decode byte 0xf0 in position 2: invalid continuation byte, skipping this chunk
2025-08-04 17:54:40,228 - WARNING - Unicode decode error: 'utf-8' codec can't decode byte 0xda in position 2: invalid continuation byte, skipping this chunk
2025-08-04 17:54:40,452 - INFO - Played audio chunk: 9600 bytes (packet #22)
2025-08-04 17:54:40,586 - INFO - Played audio chunk: 9600 bytes (packet #23)
2025-08-04 17:54:40,678 - INFO - Played audio chunk: 9600 bytes (packet #24)
2025-08-04 17:54:40,679 - WARNING - Unicode decode error: 'utf-8' codec can't decode byte 0xf5 in position 103: invalid start byte, skipping this chunk
2025-08-04 17:54:40,679 - WARNING - Unicode decode error: 'utf-8' codec can't decode byte 0xea in position 1: invalid continuation byte, skipping this chunk
2025-08-04 17:54:40,686 - WARNING - Unicode decode error: 'utf-8' codec can't decode byte 0xa2 in position 10: invalid start byte, skipping this chunk
2025-08-04 17:54:40,686 - WARNING - Unicode decode error: 'utf-8' codec can't decode byte 0xf4 in position 0: invalid continuation byte, skipping this chunk
2025-08-04 17:54:40,793 - INFO - Played audio chunk: 9600 bytes (packet #25)
2025-08-04 17:54:40,907 - INFO - Played audio chunk: 9600 bytes (packet #26)
2025-08-04 17:54:41,036 - INFO - Played audio chunk: 9600 bytes (packet #27)
2025-08-04 17:54:41,140 - INFO - Played audio chunk: 9600 bytes (packet #28)
2025-08-04 17:54:41,278 - INFO - Played audio chunk: 9600 bytes (packet #29)
2025-08-04 17:54:41,375 - INFO - Played audio chunk: 9600 bytes (packet #30)
2025-08-04 17:54:41,375 - WARNING - Unicode decode error: 'utf-8' codec can't decode byte 0xd2 in position 102: invalid continuation byte, skipping this chunk
2025-08-04 17:54:41,375 - WARNING - Unicode decode error: 'utf-8' codec can't decode byte 0xf3 in position 0: invalid continuation byte, skipping this chunk
2025-08-04 17:54:41,375 - WARNING - Unicode decode error: 'utf-8' codec can't decode byte 0x92 in position 4: invalid start byte, skipping this chunk
2025-08-04 17:54:41,375 - WARNING - Unicode decode error: 'utf-8' codec can't decode byte 0xb7 in position 2: invalid start byte, skipping this chunk
2025-08-04 17:54:41,376 - WARNING - Unicode decode error: 'utf-8' codec can't decode byte 0xab in position 0: invalid start byte, skipping this chunk
2025-08-04 17:54:41,376 - WARNING - Unicode decode error: 'utf-8' codec can't decode byte 0xc6 in position 0: invalid continuation byte, skipping this chunk
2025-08-04 17:54:41,381 - WARNING - Unicode decode error: 'utf-8' codec can't decode byte 0xf6 in position 0: invalid start byte, skipping this chunk
2025-08-04 17:54:41,641 - INFO - Played audio chunk: 9600 bytes (packet #31)
2025-08-04 17:54:41,642 - WARNING - Unicode decode error: 'utf-8' codec can't decode byte 0xbd in position 102: invalid start byte, skipping this chunk
2025-08-04 17:54:41,658 - WARNING - Unicode decode error: 'utf-8' codec can't decode byte 0xfb in position 1: invalid start byte, skipping this chunk
2025-08-04 17:54:41,658 - WARNING - Unicode decode error: 'utf-8' codec can't decode byte 0xff in position 1: invalid start byte, skipping this chunk
2025-08-04 17:54:41,658 - WARNING - Unicode decode error: 'utf-8' codec can't decode byte 0x91 in position 2: invalid start byte, skipping this chunk
2025-08-04 17:54:41,662 - WARNING - Unicode decode error: 'utf-8' codec can't decode byte 0x84 in position 0: invalid start byte, skipping this chunk
2025-08-04 17:54:41,678 - WARNING - Unicode decode error: 'utf-8' codec can't decode byte 0xcc in position 0: invalid continuation byte, skipping this chunk
2025-08-04 17:54:41,727 - INFO - Played audio chunk: 9600 bytes (packet #32)
2025-08-04 17:54:41,888 - INFO - Played audio chunk: 9600 bytes (packet #33)
2025-08-04 17:54:41,941 - INFO - Played audio chunk: 9600 bytes (packet #34)
2025-08-04 17:54:41,941 - WARNING - Unicode decode error: 'utf-8' codec can't decode byte 0xc7 in position 104: invalid continuation byte, skipping this chunk
2025-08-04 17:54:41,941 - WARNING - Unicode decode error: 'utf-8' codec can't decode byte 0xfc in position 1: invalid start byte, skipping this chunk
2025-08-04 17:54:41,941 - WARNING - Unicode decode error: 'utf-8' codec can't decode byte 0x9d in position 0: invalid start byte, skipping this chunk
2025-08-04 17:54:41,942 - WARNING - Unicode decode error: 'utf-8' codec can't decode byte 0xcb in position 0: invalid continuation byte, skipping this chunk
2025-08-04 17:54:41,942 - WARNING - Unicode decode error: 'utf-8' codec can't decode byte 0xe8 in position 0: invalid continuation byte, skipping this chunk
2025-08-04 17:54:41,942 - WARNING - Unicode decode error: 'utf-8' codec can't decode byte 0xf7 in position 1: invalid start byte, skipping this chunk
2025-08-04 17:54:41,943 - WARNING - Unicode decode error: 'utf-8' codec can't decode byte 0xd7 in position 0: invalid continuation byte, skipping this chunk
2025-08-04 17:54:41,946 - WARNING - Unicode decode error: 'utf-8' codec can't decode byte 0xa2 in position 0: invalid start byte, skipping this chunk
2025-08-04 17:54:42,172 - WARNING - Unicode decode error: 'utf-8' codec can't decode byte 0xb9 in position 102: invalid start byte, skipping this chunk
2025-08-04 17:54:42,172 - WARNING - Unicode decode error: 'utf-8' codec can't decode byte 0x9a in position 0: invalid start byte, skipping this chunk
2025-08-04 17:54:42,173 - WARNING - Unicode decode error: 'utf-8' codec can't decode byte 0x87 in position 0: invalid start byte, skipping this chunk
2025-08-04 17:54:42,187 - WARNING - Unicode decode error: 'utf-8' codec can't decode byte 0x97 in position 0: invalid start byte, skipping this chunk
2025-08-04 17:54:42,297 - INFO - Played audio chunk: 9600 bytes (packet #35)
2025-08-04 17:54:42,389 - INFO - Played audio chunk: 9600 bytes (packet #36)
2025-08-04 17:54:42,389 - WARNING - Unicode decode error: 'utf-8' codec can't decode byte 0xab in position 104: invalid start byte, skipping this chunk
2025-08-04 17:54:42,389 - WARNING - Unicode decode error: 'utf-8' codec can't decode byte 0xef in position 0: invalid continuation byte, skipping this chunk
2025-08-04 17:54:42,389 - WARNING - Unicode decode error: 'utf-8' codec can't decode byte 0xd7 in position 4: invalid continuation byte, skipping this chunk
2025-08-04 17:54:42,390 - WARNING - Unicode decode error: 'utf-8' codec can't decode byte 0x98 in position 6: invalid start byte, skipping this chunk
2025-08-04 17:54:42,390 - WARNING - Unicode decode error: 'utf-8' codec can't decode byte 0xfd in position 1: invalid start byte, skipping this chunk
2025-08-04 17:54:42,390 - WARNING - Unicode decode error: 'utf-8' codec can't decode byte 0xe3 in position 0: invalid continuation byte, skipping this chunk
2025-08-04 17:54:42,390 - WARNING - Unicode decode error: 'utf-8' codec can't decode byte 0xed in position 0: invalid continuation byte, skipping this chunk
2025-08-04 17:54:42,395 - WARNING - Unicode decode error: 'utf-8' codec can't decode byte 0x93 in position 0: invalid start byte, skipping this chunk
2025-08-04 17:54:42,527 - INFO - Played audio chunk: 9600 bytes (packet #37)
2025-08-04 17:54:42,627 - INFO - Played audio chunk: 9600 bytes (packet #38)
2025-08-04 17:54:42,733 - INFO - Played audio chunk: 9600 bytes (packet #39)
2025-08-04 17:54:42,885 - INFO - Played audio chunk: 9600 bytes (packet #40)
2025-08-04 17:54:42,960 - INFO - Played audio chunk: 9600 bytes (packet #41)
2025-08-04 17:54:42,960 - WARNING - Unicode decode error: 'utf-8' codec can't decode byte 0xfe in position 103: invalid start byte, skipping this chunk
2025-08-04 17:54:42,961 - WARNING - Unicode decode error: 'utf-8' codec can't decode byte 0xf7 in position 1: invalid start byte, skipping this chunk
2025-08-04 17:54:42,961 - WARNING - Unicode decode error: 'utf-8' codec can't decode byte 0x86 in position 2: invalid start byte, skipping this chunk
2025-08-04 17:54:42,961 - WARNING - Unicode decode error: 'utf-8' codec can't decode byte 0xf9 in position 1: invalid start byte, skipping this chunk
2025-08-04 17:54:42,964 - WARNING - Unicode decode error: 'utf-8' codec can't decode byte 0xe3 in position 0: invalid continuation byte, skipping this chunk
2025-08-04 17:54:42,964 - WARNING - Unicode decode error: 'utf-8' codec can't decode byte 0x9d in position 0: invalid start byte, skipping this chunk
2025-08-04 17:54:42,968 - WARNING - Unicode decode error: 'utf-8' codec can't decode byte 0xb4 in position 0: invalid start byte, skipping this chunk
2025-08-04 17:54:43,074 - INFO - Played audio chunk: 9600 bytes (packet #42)
2025-08-04 17:54:43,207 - INFO - Played audio chunk: 9600 bytes (packet #43)
2025-08-04 17:54:43,308 - INFO - Played audio chunk: 9600 bytes (packet #44)
2025-08-04 17:54:43,434 - INFO - Played audio chunk: 9600 bytes (packet #45)
2025-08-04 17:54:43,534 - INFO - Played audio chunk: 9600 bytes (packet #46)
2025-08-04 17:54:43,653 - WARNING - Unicode decode error: 'utf-8' codec can't decode byte 0xdd in position 104: invalid continuation byte, skipping this chunk
2025-08-04 17:54:43,658 - WARNING - Unicode decode error: 'utf-8' codec can't decode byte 0xfd in position 1: invalid start byte, skipping this chunk
2025-08-04 17:54:43,661 - WARNING - Unicode decode error: 'utf-8' codec can't decode byte 0xe2 in position 0: invalid continuation byte, skipping this chunk
2025-08-04 17:54:43,661 - WARNING - Unicode decode error: 'utf-8' codec can't decode byte 0x8f in position 2: invalid start byte, skipping this chunk
2025-08-04 17:54:43,661 - WARNING - Unicode decode error: 'utf-8' codec can't decode byte 0xd8 in position 0: invalid continuation byte, skipping this chunk
2025-08-04 17:54:43,669 - WARNING - Unicode decode error: 'utf-8' codec can't decode byte 0x8f in position 0: invalid start byte, skipping this chunk
2025-08-04 17:54:43,684 - WARNING - Unicode decode error: 'utf-8' codec can't decode byte 0xbb in position 0: invalid start byte, skipping this chunk
2025-08-04 17:54:43,684 - WARNING - Unicode decode error: 'utf-8' codec can't decode byte 0xc1 in position 0: invalid start byte, skipping this chunk
2025-08-04 17:54:43,756 - INFO - Played audio chunk: 9600 bytes (packet #47)
2025-08-04 17:54:43,977 - INFO - Played audio chunk: 9600 bytes (packet #48)
2025-08-04 17:54:43,977 - WARNING - Unicode decode error: 'utf-8' codec can't decode byte 0xae in position 104: invalid start byte, skipping this chunk
2025-08-04 17:54:43,981 - WARNING - Unicode decode error: 'utf-8' codec can't decode byte 0xf0 in position 0: invalid continuation byte, skipping this chunk
2025-08-04 17:54:43,981 - WARNING - Unicode decode error: 'utf-8' codec can't decode byte 0xe4 in position 12: invalid continuation byte, skipping this chunk
2025-08-04 17:54:43,981 - WARNING - Unicode decode error: 'utf-8' codec can't decode byte 0xff in position 1: invalid start byte, skipping this chunk
2025-08-04 17:54:43,982 - WARNING - Unicode decode error: 'utf-8' codec can't decode byte 0xff in position 1: invalid start byte, skipping this chunk
2025-08-04 17:54:43,982 - WARNING - Unicode decode error: 'utf-8' codec can't decode byte 0x88 in position 0: invalid start byte, skipping this chunk
2025-08-04 17:54:43,982 - WARNING - Unicode decode error: 'utf-8' codec can't decode byte 0xfe in position 0: invalid start byte, skipping this chunk
2025-08-04 17:54:43,982 - WARNING - Unicode decode error: 'utf-8' codec can't decode byte 0xdd in position 0: invalid continuation byte, skipping this chunk
2025-08-04 17:54:44,116 - INFO - Played audio chunk: 9600 bytes (packet #49)
2025-08-04 17:54:44,217 - INFO - Played audio chunk: 9600 bytes (packet #50)
2025-08-04 17:54:44,323 - INFO - Played audio chunk: 9600 bytes (packet #51)
2025-08-04 17:54:44,502 - INFO - Stats - Packets received: 51, Total bytes played: 489600
2025-08-04 17:54:44,517 - WARNING - Unicode decode error: 'utf-8' codec can't decode byte 0xe1 in position 102: invalid continuation byte, skipping this chunk
2025-08-04 17:54:44,519 - WARNING - Unicode decode error: 'utf-8' codec can't decode byte 0x9c in position 0: invalid start byte, skipping this chunk
2025-08-04 17:54:44,519 - WARNING - Unicode decode error: 'utf-8' codec can't decode byte 0xbc in position 2: invalid start byte, skipping this chunk
2025-08-04 17:54:44,553 - INFO - Played audio chunk: 9600 bytes (packet #52)
2025-08-04 17:54:44,772 - WARNING - Unicode decode error: 'utf-8' codec can't decode byte 0xfd in position 103: invalid start byte, skipping this chunk
2025-08-04 17:54:44,772 - WARNING - Unicode decode error: 'utf-8' codec can't decode byte 0xff in position 1: invalid start byte, skipping this chunk
2025-08-04 17:54:44,773 - WARNING - Unicode decode error: 'utf-8' codec can't decode byte 0x80 in position 0: invalid start byte, skipping this chunk
2025-08-04 17:54:44,773 - WARNING - Unicode decode error: 'utf-8' codec can't decode byte 0xfd in position 8: invalid start byte, skipping this chunk
2025-08-04 17:54:44,775 - WARNING - Unicode decode error: 'utf-8' codec can't decode byte 0xe9 in position 0: invalid continuation byte, skipping this chunk
2025-08-04 17:54:44,775 - WARNING - Unicode decode error: 'utf-8' codec can't decode byte 0xaa in position 2: invalid start byte, skipping this chunk
2025-08-04 17:54:44,779 - WARNING - Unicode decode error: 'utf-8' codec can't decode byte 0x96 in position 102: invalid start byte, skipping this chunk
2025-08-04 17:54:44,780 - WARNING - Unicode decode error: 'utf-8' codec can't decode byte 0xfb in position 1: invalid start byte, skipping this chunk
2025-08-04 17:54:44,786 - WARNING - Unicode decode error: 'utf-8' codec can't decode byte 0x86 in position 0: invalid start byte, skipping this chunk
2025-08-04 17:54:44,788 - WARNING - Unicode decode error: 'utf-8' codec can't decode byte 0xf4 in position 0: invalid continuation byte, skipping this chunk
2025-08-04 17:54:44,790 - WARNING - Unicode decode error: 'utf-8' codec can't decode byte 0xc1 in position 0: invalid start byte, skipping this chunk
2025-08-04 17:54:45,038 - INFO - Played audio chunk: 9600 bytes (packet #53)
2025-08-04 17:54:45,115 - WARNING - Unicode decode error: 'utf-8' codec can't decode byte 0xbd in position 102: invalid start byte, skipping this chunk
2025-08-04 17:54:45,115 - WARNING - Unicode decode error: 'utf-8' codec can't decode byte 0xb5 in position 8: invalid start byte, skipping this chunk
2025-08-04 17:54:45,115 - WARNING - Unicode decode error: 'utf-8' codec can't decode byte 0xde in position 2: invalid continuation byte, skipping this chunk
2025-08-04 17:54:45,115 - WARNING - Unicode decode error: 'utf-8' codec can't decode byte 0xa8 in position 0: invalid start byte, skipping this chunk
2025-08-04 17:54:45,119 - WARNING - Unicode decode error: 'utf-8' codec can't decode byte 0xbc in position 0: invalid start byte, skipping this chunk
2025-08-04 17:54:45,122 - WARNING - Unicode decode error: 'utf-8' codec can't decode byte 0x8f in position 4: invalid start byte, skipping this chunk
2025-08-04 17:54:45,287 - WARNING - Unicode decode error: 'utf-8' codec can't decode byte 0xa1 in position 2: invalid start byte, skipping this chunk
2025-08-04 17:54:45,287 - WARNING - Unicode decode error: 'utf-8' codec can't decode byte 0xfa in position 1: invalid start byte, skipping this chunk
2025-08-04 17:54:45,287 - WARNING - Unicode decode error: 'utf-8' codec can't decode bytes in position 1-2: invalid continuation byte, skipping this chunk
2025-08-04 17:54:45,292 - WARNING - Unicode decode error: 'utf-8' codec can't decode byte 0xfd in position 0: invalid start byte, skipping this chunk
2025-08-04 17:54:45,296 - WARNING - Unicode decode error: 'utf-8' codec can't decode byte 0xf3 in position 0: invalid continuation byte, skipping this chunk
2025-08-04 17:54:45,301 - WARNING - Unicode decode error: 'utf-8' codec can't decode byte 0xb0 in position 102: invalid start byte, skipping this chunk
2025-08-04 17:54:45,301 - WARNING - Unicode decode error: 'utf-8' codec can't decode byte 0x96 in position 0: invalid start byte, skipping this chunk
2025-08-04 17:54:45,301 - WARNING - Unicode decode error: 'utf-8' codec can't decode byte 0xc6 in position 0: invalid continuation byte, skipping this chunk
2025-08-04 17:54:45,302 - WARNING - Unicode decode error: 'utf-8' codec can't decode byte 0xcb in position 0: invalid continuation byte, skipping this chunk
2025-08-04 17:54:45,344 - INFO - Played audio chunk: 9600 bytes (packet #54)
2025-08-04 17:54:45,350 - WARNING - Unicode decode error: 'utf-8' codec can't decode byte 0xab in position 102: invalid start byte, skipping this chunk
2025-08-04 17:54:45,354 - WARNING - Unicode decode error: 'utf-8' codec can't decode byte 0xdd in position 6: invalid continuation byte, skipping this chunk
2025-08-04 17:54:45,354 - WARNING - Unicode decode error: 'utf-8' codec can't decode byte 0xb4 in position 0: invalid start byte, skipping this chunk
2025-08-04 17:54:45,355 - WARNING - Unicode decode error: 'utf-8' codec can't decode byte 0xb8 in position 0: invalid start byte, skipping this chunk
2025-08-04 17:54:45,554 - INFO - Played audio chunk: 9600 bytes (packet #55)
2025-08-04 17:54:45,830 - WARNING - Unicode decode error: 'utf-8' codec can't decode byte 0xc6 in position 102: invalid continuation byte, skipping this chunk
2025-08-04 17:54:45,830 - WARNING - Unicode decode error: 'utf-8' codec can't decode byte 0xc1 in position 0: invalid start byte, skipping this chunk
2025-08-04 17:54:45,833 - WARNING - Unicode decode error: 'utf-8' codec can't decode byte 0xd4 in position 0: invalid continuation byte, skipping this chunk
2025-08-04 17:54:45,833 - WARNING - Unicode decode error: 'utf-8' codec can't decode byte 0xf2 in position 0: invalid continuation byte, skipping this chunk
2025-08-04 17:54:45,833 - WARNING - Unicode decode error: 'utf-8' codec can't decode byte 0x84 in position 0: invalid start byte, skipping this chunk
2025-08-04 17:54:45,833 - WARNING - Unicode decode error: 'utf-8' codec can't decode byte 0xbf in position 0: invalid start byte, skipping this chunk
2025-08-04 17:54:45,833 - WARNING - Unicode decode error: 'utf-8' codec can't decode byte 0xd8 in position 2: invalid continuation byte, skipping this chunk
2025-08-04 17:54:46,080 - WARNING - Unicode decode error: 'utf-8' codec can't decode byte 0x93 in position 2: invalid start byte, skipping this chunk
2025-08-04 17:54:46,081 - WARNING - Unicode decode error: 'utf-8' codec can't decode byte 0xb5 in position 2: invalid start byte, skipping this chunk
2025-08-04 17:54:46,081 - WARNING - Unicode decode error: 'utf-8' codec can't decode byte 0xdf in position 0: invalid continuation byte, skipping this chunk
2025-08-04 17:54:46,081 - WARNING - Unicode decode error: 'utf-8' codec can't decode byte 0xfa in position 1: invalid start byte, skipping this chunk
2025-08-04 17:54:46,086 - WARNING - Unicode decode error: 'utf-8' codec can't decode byte 0xb8 in position 104: invalid start byte, skipping this chunk
2025-08-04 17:54:46,087 - WARNING - Unicode decode error: 'utf-8' codec can't decode byte 0xbd in position 0: invalid start byte, skipping this chunk
2025-08-04 17:54:46,087 - WARNING - Unicode decode error: 'utf-8' codec can't decode byte 0xf9 in position 1: invalid start byte, skipping this chunk
2025-08-04 17:54:46,087 - WARNING - Unicode decode error: 'utf-8' codec can't decode byte 0xb7 in position 0: invalid start byte, skipping this chunk
2025-08-04 17:54:46,087 - WARNING - Unicode decode error: 'utf-8' codec can't decode byte 0xf1 in position 0: invalid continuation byte, skipping this chunk
2025-08-04 17:54:46,087 - WARNING - Unicode decode error: 'utf-8' codec can't decode byte 0xdb in position 0: invalid continuation byte, skipping this chunk
2025-08-04 17:54:46,092 - WARNING - Unicode decode error: 'utf-8' codec can't decode byte 0xf7 in position 0: invalid start byte, skipping this chunk
2025-08-04 17:54:46,101 - WARNING - Unicode decode error: 'utf-8' codec can't decode byte 0xf2 in position 1: invalid continuation byte, skipping this chunk
2025-08-04 17:54:46,101 - WARNING - Unicode decode error: 'utf-8' codec can't decode byte 0x99 in position 0: invalid start byte, skipping this chunk
2025-08-04 17:54:46,101 - WARNING - Unicode decode error: 'utf-8' codec can't decode byte 0xca in position 0: invalid continuation byte, skipping this chunk
2025-08-04 17:54:46,369 - INFO - Played audio chunk: 9600 bytes (packet #56)
2025-08-04 17:54:46,370 - WARNING - Unicode decode error: 'utf-8' codec can't decode byte 0xc5 in position 108: invalid continuation byte, skipping this chunk
2025-08-04 17:54:46,370 - WARNING - Unicode decode error: 'utf-8' codec can't decode byte 0xa2 in position 0: invalid start byte, skipping this chunk
2025-08-04 17:54:46,370 - WARNING - Unicode decode error: 'utf-8' codec can't decode byte 0x96 in position 0: invalid start byte, skipping this chunk
2025-08-04 17:54:46,370 - WARNING - Unicode decode error: 'utf-8' codec can't decode byte 0x9e in position 0: invalid start byte, skipping this chunk
2025-08-04 17:54:46,370 - WARNING - Unicode decode error: 'utf-8' codec can't decode byte 0xf4 in position 1: invalid continuation byte, skipping this chunk
2025-08-04 17:54:46,372 - WARNING - Unicode decode error: 'utf-8' codec can't decode byte 0xf1 in position 0: invalid continuation byte, skipping this chunk
2025-08-04 17:54:46,384 - WARNING - Unicode decode error: 'utf-8' codec can't decode byte 0xec in position 1: invalid continuation byte, skipping this chunk
2025-08-04 17:54:46,557 - INFO - Played audio chunk: 9600 bytes (packet #57)
2025-08-04 17:54:46,557 - WARNING - Unicode decode error: 'utf-8' codec can't decode byte 0xfa in position 103: invalid start byte, skipping this chunk
2025-08-04 17:54:46,558 - WARNING - Unicode decode error: 'utf-8' codec can't decode bytes in position 1-2: invalid continuation byte, skipping this chunk
2025-08-04 17:54:46,558 - WARNING - Unicode decode error: 'utf-8' codec can't decode byte 0xb6 in position 0: invalid start byte, skipping this chunk
2025-08-04 17:54:46,559 - WARNING - Unicode decode error: 'utf-8' codec can't decode byte 0xfa in position 0: invalid start byte, skipping this chunk
2025-08-04 17:54:46,559 - WARNING - Unicode decode error: 'utf-8' codec can't decode byte 0xa4 in position 0: invalid start byte, skipping this chunk
2025-08-04 17:54:46,559 - WARNING - Unicode decode error: 'utf-8' codec can't decode byte 0x9c in position 0: invalid start byte, skipping this chunk
2025-08-04 17:54:46,560 - WARNING - Unicode decode error: 'utf-8' codec can't decode byte 0xd0 in position 0: invalid continuation byte, skipping this chunk
2025-08-04 17:54:46,569 - WARNING - Unicode decode error: 'utf-8' codec can't decode byte 0xf3 in position 1: invalid continuation byte, skipping this chunk
2025-08-04 17:54:46,605 - INFO - Played audio chunk: 9600 bytes (packet #58)
2025-08-04 17:54:46,846 - INFO - Played audio chunk: 9600 bytes (packet #59)
2025-08-04 17:54:46,846 - WARNING - Unicode decode error: 'utf-8' codec can't decode byte 0xb5 in position 102: invalid start byte, skipping this chunk
2025-08-04 17:54:46,846 - WARNING - Unicode decode error: 'utf-8' codec can't decode byte 0xf8 in position 1: invalid start byte, skipping this chunk
2025-08-04 17:54:46,847 - WARNING - Unicode decode error: 'utf-8' codec can't decode byte 0xfb in position 0: invalid start byte, skipping this chunk
2025-08-04 17:54:46,850 - WARNING - Unicode decode error: 'utf-8' codec can't decode byte 0xd9 in position 1: invalid continuation byte, skipping this chunk
2025-08-04 17:54:46,850 - WARNING - Unicode decode error: 'utf-8' codec can't decode byte 0xca in position 1: invalid continuation byte, skipping this chunk
2025-08-04 17:54:46,851 - WARNING - Unicode decode error: 'utf-8' codec can't decode byte 0x86 in position 0: invalid start byte, skipping this chunk
2025-08-04 17:54:46,857 - WARNING - Unicode decode error: 'utf-8' codec can't decode byte 0xff in position 1: invalid start byte, skipping this chunk
2025-08-04 17:54:47,099 - INFO - Played audio chunk: 9600 bytes (packet #60)
2025-08-04 17:54:47,100 - WARNING - Unicode decode error: 'utf-8' codec can't decode byte 0xeb in position 104: invalid continuation byte, skipping this chunk
2025-08-04 17:54:47,100 - WARNING - Unicode decode error: 'utf-8' codec can't decode byte 0xa1 in position 0: invalid start byte, skipping this chunk
2025-08-04 17:54:47,101 - WARNING - Unicode decode error: 'utf-8' codec can't decode byte 0xc9 in position 0: invalid continuation byte, skipping this chunk
2025-08-04 17:54:47,101 - WARNING - Unicode decode error: 'utf-8' codec can't decode byte 0xc0 in position 2: invalid start byte, skipping this chunk
2025-08-04 17:54:47,101 - WARNING - Unicode decode error: 'utf-8' codec can't decode byte 0xfa in position 0: invalid start byte, skipping this chunk
2025-08-04 17:54:47,102 - WARNING - Unicode decode error: 'utf-8' codec can't decode byte 0xfa in position 0: invalid start byte, skipping this chunk
2025-08-04 17:54:47,107 - WARNING - Unicode decode error: 'utf-8' codec can't decode byte 0xa2 in position 0: invalid start byte, skipping this chunk
2025-08-04 17:54:47,305 - INFO - Played audio chunk: 9600 bytes (packet #61)
2025-08-04 17:54:47,305 - WARNING - Unicode decode error: 'utf-8' codec can't decode byte 0xe0 in position 106: invalid continuation byte, skipping this chunk
2025-08-04 17:54:47,307 - WARNING - Unicode decode error: 'utf-8' codec can't decode byte 0xa0 in position 0: invalid start byte, skipping this chunk
2025-08-04 17:54:47,312 - WARNING - Unicode decode error: 'utf-8' codec can't decode byte 0xbc in position 0: invalid start byte, skipping this chunk
2025-08-04 17:54:47,313 - WARNING - Unicode decode error: 'utf-8' codec can't decode byte 0x84 in position 0: invalid start byte, skipping this chunk
2025-08-04 17:54:47,313 - WARNING - Unicode decode error: 'utf-8' codec can't decode byte 0xbc in position 0: invalid start byte, skipping this chunk
2025-08-04 17:54:47,313 - WARNING - Unicode decode error: 'utf-8' codec can't decode byte 0xef in position 4: invalid continuation byte, skipping this chunk
2025-08-04 17:54:47,314 - WARNING - Unicode decode error: 'utf-8' codec can't decode byte 0xdf in position 0: invalid continuation byte, skipping this chunk
2025-08-04 17:54:47,315 - WARNING - Unicode decode error: 'utf-8' codec can't decode byte 0x81 in position 4: invalid start byte, skipping this chunk
2025-08-04 17:54:47,315 - WARNING - Unicode decode error: 'utf-8' codec can't decode byte 0xfd in position 1: invalid start byte, skipping this chunk
2025-08-04 17:54:47,512 - WARNING - Unicode decode error: 'utf-8' codec can't decode byte 0x92 in position 0: invalid start byte, skipping this chunk
2025-08-04 17:54:47,513 - WARNING - Unicode decode error: 'utf-8' codec can't decode byte 0x95 in position 0: invalid start byte, skipping this chunk
2025-08-04 17:54:47,513 - WARNING - Unicode decode error: 'utf-8' codec can't decode byte 0xc6 in position 4: invalid continuation byte, skipping this chunk
2025-08-04 17:54:47,514 - WARNING - Unicode decode error: 'utf-8' codec can't decode byte 0x98 in position 0: invalid start byte, skipping this chunk
2025-08-04 17:54:47,514 - WARNING - Unicode decode error: 'utf-8' codec can't decode byte 0xd3 in position 2: invalid continuation byte, skipping this chunk
2025-08-04 17:54:47,514 - WARNING - Unicode decode error: 'utf-8' codec can't decode byte 0x9d in position 0: invalid start byte, skipping this chunk
2025-08-04 17:54:47,521 - WARNING - Unicode decode error: 'utf-8' codec can't decode byte 0xb2 in position 0: invalid start byte, skipping this chunk
2025-08-04 17:54:47,521 - WARNING - Unicode decode error: 'utf-8' codec can't decode byte 0xc1 in position 0: invalid start byte, skipping this chunk
2025-08-04 17:54:47,522 - WARNING - Unicode decode error: 'utf-8' codec can't decode byte 0xcd in position 0: invalid continuation byte, skipping this chunk
2025-08-04 17:54:47,522 - WARNING - Unicode decode error: 'utf-8' codec can't decode byte 0xf5 in position 0: invalid start byte, skipping this chunk
2025-08-04 17:54:47,523 - WARNING - Unicode decode error: 'utf-8' codec can't decode byte 0xff in position 1: invalid start byte, skipping this chunk
2025-08-04 17:54:47,523 - WARNING - Unicode decode error: 'utf-8' codec can't decode byte 0xd0 in position 4: invalid continuation byte, skipping this chunk
2025-08-04 17:54:47,524 - WARNING - Unicode decode error: 'utf-8' codec can't decode byte 0xff in position 1: invalid start byte, skipping this chunk
2025-08-04 17:54:47,524 - WARNING - Unicode decode error: 'utf-8' codec can't decode byte 0xd7 in position 0: invalid continuation byte, skipping this chunk
2025-08-04 17:54:47,525 - WARNING - Unicode decode error: 'utf-8' codec can't decode byte 0xa9 in position 6: invalid start byte, skipping this chunk
2025-08-04 17:54:47,526 - WARNING - Unicode decode error: 'utf-8' codec can't decode byte 0xd7 in position 0: invalid continuation byte, skipping this chunk
2025-08-04 17:54:47,526 - WARNING - Unicode decode error: 'utf-8' codec can't decode byte 0x8e in position 0: invalid start byte, skipping this chunk
2025-08-04 17:54:47,529 - WARNING - Unicode decode error: 'utf-8' codec can't decode byte 0x8e in position 0: invalid start byte, skipping this chunk
2025-08-04 17:54:47,827 - INFO - Played audio chunk: 9600 bytes (packet #62)
2025-08-04 17:54:47,827 - WARNING - Unicode decode error: 'utf-8' codec can't decode byte 0xdb in position 102: invalid continuation byte, skipping this chunk
2025-08-04 17:54:47,827 - WARNING - Unicode decode error: 'utf-8' codec can't decode byte 0xee in position 2: invalid continuation byte, skipping this chunk
2025-08-04 17:54:47,827 - WARNING - Unicode decode error: 'utf-8' codec can't decode byte 0xfc in position 0: invalid start byte, skipping this chunk
2025-08-04 17:54:47,831 - WARNING - Unicode decode error: 'utf-8' codec can't decode byte 0xeb in position 8: invalid continuation byte, skipping this chunk
2025-08-04 17:54:47,862 - INFO - Played audio chunk: 9600 bytes (packet #63)
2025-08-04 17:54:48,078 - INFO - Played audio chunk: 9600 bytes (packet #64)
2025-08-04 17:54:48,079 - WARNING - Unicode decode error: 'utf-8' codec can't decode byte 0xd2 in position 112: invalid continuation byte, skipping this chunk
2025-08-04 17:54:48,079 - WARNING - Unicode decode error: 'utf-8' codec can't decode byte 0x8f in position 0: invalid start byte, skipping this chunk
2025-08-04 17:54:48,080 - WARNING - Unicode decode error: 'utf-8' codec can't decode byte 0xff in position 1: invalid start byte, skipping this chunk
2025-08-04 17:54:48,080 - WARNING - Unicode decode error: 'utf-8' codec can't decode byte 0xb5 in position 0: invalid start byte, skipping this chunk
2025-08-04 17:54:48,082 - WARNING - Unicode decode error: 'utf-8' codec can't decode byte 0xe4 in position 6: invalid continuation byte, skipping this chunk
2025-08-04 17:54:48,082 - WARNING - Unicode decode error: 'utf-8' codec can't decode byte 0xa7 in position 0: invalid start byte, skipping this chunk
2025-08-04 17:54:48,082 - WARNING - Unicode decode error: 'utf-8' codec can't decode byte 0xfe in position 1: invalid start byte, skipping this chunk
2025-08-04 17:54:48,084 - WARNING - Unicode decode error: 'utf-8' codec can't decode byte 0xbd in position 0: invalid start byte, skipping this chunk
2025-08-04 17:54:48,085 - WARNING - Unicode decode error: 'utf-8' codec can't decode byte 0xc0 in position 2: invalid start byte, skipping this chunk
2025-08-04 17:54:48,085 - WARNING - Unicode decode error: 'utf-8' codec can't decode byte 0xfc in position 0: invalid start byte, skipping this chunk
2025-08-04 17:54:48,085 - WARNING - Unicode decode error: 'utf-8' codec can't decode byte 0x91 in position 2: invalid start byte, skipping this chunk
2025-08-04 17:54:48,110 - WARNING - Unicode decode error: 'utf-8' codec can't decode byte 0x8c in position 0: invalid start byte, skipping this chunk
2025-08-04 17:54:48,110 - WARNING - Unicode decode error: 'utf-8' codec can't decode byte 0xf9 in position 0: invalid start byte, skipping this chunk
2025-08-04 17:54:48,357 - INFO - Played audio chunk: 9600 bytes (packet #65)
2025-08-04 17:54:48,358 - WARNING - Unicode decode error: 'utf-8' codec can't decode byte 0xbc in position 102: invalid start byte, skipping this chunk
2025-08-04 17:54:48,358 - WARNING - Unicode decode error: 'utf-8' codec can't decode byte 0xda in position 0: invalid continuation byte, skipping this chunk
2025-08-04 17:54:48,359 - WARNING - Unicode decode error: 'utf-8' codec can't decode byte 0xd3 in position 4: invalid continuation byte, skipping this chunk
2025-08-04 17:54:48,359 - WARNING - Unicode decode error: 'utf-8' codec can't decode byte 0xe2 in position 0: invalid continuation byte, skipping this chunk
2025-08-04 17:54:48,367 - WARNING - Unicode decode error: 'utf-8' codec can't decode bytes in position 1-2: invalid continuation byte, skipping this chunk
2025-08-04 17:54:48,367 - WARNING - Unicode decode error: 'utf-8' codec can't decode byte 0xcd in position 0: invalid continuation byte, skipping this chunk
2025-08-04 17:54:48,371 - WARNING - Unicode decode error: 'utf-8' codec can't decode byte 0xc5 in position 0: invalid continuation byte, skipping this chunk
2025-08-04 17:54:48,417 - INFO - Played audio chunk: 9600 bytes (packet #66)
2025-08-04 17:54:48,612 - INFO - Played audio chunk: 9600 bytes (packet #67)
2025-08-04 17:54:48,638 - WARNING - Unicode decode error: 'utf-8' codec can't decode byte 0xbd in position 102: invalid start byte, skipping this chunk
2025-08-04 17:54:48,638 - WARNING - Unicode decode error: 'utf-8' codec can't decode byte 0xa5 in position 0: invalid start byte, skipping this chunk
2025-08-04 17:54:48,638 - WARNING - Unicode decode error: 'utf-8' codec can't decode byte 0xfd in position 0: invalid start byte, skipping this chunk
2025-08-04 17:54:48,638 - WARNING - Unicode decode error: 'utf-8' codec can't decode byte 0xbb in position 6: invalid start byte, skipping this chunk
2025-08-04 17:54:48,862 - WARNING - Unicode decode error: 'utf-8' codec can't decode byte 0xdf in position 0: invalid continuation byte, skipping this chunk
2025-08-04 17:54:48,862 - WARNING - Unicode decode error: 'utf-8' codec can't decode byte 0x9d in position 0: invalid start byte, skipping this chunk
2025-08-04 17:54:48,877 - WARNING - Unicode decode error: 'utf-8' codec can't decode byte 0x9b in position 0: invalid start byte, skipping this chunk
2025-08-04 17:54:48,884 - WARNING - Unicode decode error: 'utf-8' codec can't decode byte 0xf7 in position 104: invalid start byte, skipping this chunk
2025-08-04 17:54:48,884 - WARNING - Unicode decode error: 'utf-8' codec can't decode byte 0x9e in position 0: invalid start byte, skipping this chunk
2025-08-04 17:54:48,884 - WARNING - Unicode decode error: 'utf-8' codec can't decode byte 0xc1 in position 0: invalid start byte, skipping this chunk
2025-08-04 17:54:48,885 - WARNING - Unicode decode error: 'utf-8' codec can't decode byte 0x96 in position 0: invalid start byte, skipping this chunk
2025-08-04 17:54:48,885 - WARNING - Unicode decode error: 'utf-8' codec can't decode byte 0xdd in position 4: invalid continuation byte, skipping this chunk
2025-08-04 17:54:48,904 - WARNING - Unicode decode error: 'utf-8' codec can't decode byte 0x8c in position 0: invalid start byte, skipping this chunk
2025-08-04 17:54:48,904 - WARNING - Unicode decode error: 'utf-8' codec can't decode byte 0x9f in position 0: invalid start byte, skipping this chunk
2025-08-04 17:54:48,904 - WARNING - Unicode decode error: 'utf-8' codec can't decode byte 0xff in position 4: invalid start byte, skipping this chunk
2025-08-04 17:54:48,905 - WARNING - Unicode decode error: 'utf-8' codec can't decode byte 0xff in position 12: invalid start byte, skipping this chunk
2025-08-04 17:54:48,905 - WARNING - Unicode decode error: 'utf-8' codec can't decode byte 0x8f in position 0: invalid start byte, skipping this chunk
2025-08-04 17:54:48,906 - WARNING - Unicode decode error: 'utf-8' codec can't decode byte 0xbd in position 0: invalid start byte, skipping this chunk
2025-08-04 17:54:48,906 - WARNING - Unicode decode error: 'utf-8' codec can't decode byte 0x8d in position 0: invalid start byte, skipping this chunk
2025-08-04 17:54:48,909 - WARNING - Unicode decode error: 'utf-8' codec can't decode byte 0xff in position 1: invalid start byte, skipping this chunk
2025-08-04 17:54:48,909 - WARNING - Unicode decode error: 'utf-8' codec can't decode byte 0xfd in position 1: invalid start byte, skipping this chunk
2025-08-04 17:54:48,935 - WARNING - Unicode decode error: 'utf-8' codec can't decode byte 0x9e in position 0: invalid start byte, skipping this chunk
2025-08-04 17:54:48,935 - WARNING - Unicode decode error: 'utf-8' codec can't decode byte 0xf4 in position 0: invalid continuation byte, skipping this chunk
2025-08-04 17:54:48,940 - WARNING - Unicode decode error: 'utf-8' codec can't decode byte 0xd2 in position 8: invalid continuation byte, skipping this chunk
2025-08-04 17:54:48,940 - WARNING - Unicode decode error: 'utf-8' codec can't decode byte 0xb2 in position 0: invalid start byte, skipping this chunk
2025-08-04 17:54:49,086 - INFO - Played audio chunk: 9600 bytes (packet #68)
2025-08-04 17:54:49,122 - INFO - Played audio chunk: 9600 bytes (packet #69)
2025-08-04 17:54:49,376 - INFO - Played audio chunk: 9600 bytes (packet #70)
2025-08-04 17:54:49,376 - WARNING - Unicode decode error: 'utf-8' codec can't decode byte 0xec in position 102: invalid continuation byte, skipping this chunk
2025-08-04 17:54:49,376 - WARNING - Unicode decode error: 'utf-8' codec can't decode byte 0xd8 in position 0: invalid continuation byte, skipping this chunk
2025-08-04 17:54:49,403 - WARNING - Unicode decode error: 'utf-8' codec can't decode byte 0xb1 in position 8: invalid start byte, skipping this chunk
2025-08-04 17:54:49,408 - WARNING - Unicode decode error: 'utf-8' codec can't decode byte 0xb4 in position 0: invalid start byte, skipping this chunk
2025-08-04 17:54:49,444 - INFO - Played audio chunk: 9600 bytes (packet #71)
2025-08-04 17:54:49,444 - WARNING - Unicode decode error: 'utf-8' codec can't decode byte 0xdf in position 102: invalid continuation byte, skipping this chunk
2025-08-04 17:54:49,444 - WARNING - Unicode decode error: 'utf-8' codec can't decode byte 0x99 in position 4: invalid start byte, skipping this chunk
2025-08-04 17:54:49,447 - WARNING - Unicode decode error: 'utf-8' codec can't decode byte 0x94 in position 0: invalid start byte, skipping this chunk
2025-08-04 17:54:49,452 - WARNING - Unicode decode error: 'utf-8' codec can't decode byte 0xfb in position 6: invalid start byte, skipping this chunk
2025-08-04 17:54:49,452 - WARNING - Unicode decode error: 'utf-8' codec can't decode byte 0xff in position 0: invalid start byte, skipping this chunk
2025-08-04 17:54:49,620 - INFO - Played audio chunk: 9600 bytes (packet #72)
2025-08-04 17:54:49,852 - WARNING - Unicode decode error: 'utf-8' codec can't decode byte 0xb0 in position 102: invalid start byte, skipping this chunk
2025-08-04 17:54:49,855 - WARNING - Unicode decode error: 'utf-8' codec can't decode byte 0xf5 in position 0: invalid start byte, skipping this chunk
2025-08-04 17:54:49,855 - WARNING - Unicode decode error: 'utf-8' codec can't decode byte 0x8c in position 0: invalid start byte, skipping this chunk
2025-08-04 17:54:49,855 - WARNING - Unicode decode error: 'utf-8' codec can't decode byte 0xdd in position 4: invalid continuation byte, skipping this chunk
2025-08-04 17:54:49,867 - WARNING - Unicode decode error: 'utf-8' codec can't decode byte 0xfe in position 1: invalid start byte, skipping this chunk
2025-08-04 17:54:49,898 - INFO - Played audio chunk: 9600 bytes (packet #73)
2025-08-04 17:54:49,898 - WARNING - Unicode decode error: 'utf-8' codec can't decode byte 0xfa in position 103: invalid start byte, skipping this chunk
2025-08-04 17:54:49,898 - WARNING - Unicode decode error: 'utf-8' codec can't decode byte 0xff in position 1: invalid start byte, skipping this chunk
2025-08-04 17:54:49,899 - WARNING - Unicode decode error: 'utf-8' codec can't decode byte 0xc1 in position 6: invalid start byte, skipping this chunk
2025-08-04 17:54:49,902 - WARNING - Unicode decode error: 'utf-8' codec can't decode byte 0xb5 in position 0: invalid start byte, skipping this chunk
2025-08-04 17:54:49,903 - WARNING - Unicode decode error: 'utf-8' codec can't decode byte 0xae in position 0: invalid start byte, skipping this chunk
2025-08-04 17:54:49,903 - WARNING - Unicode decode error: 'utf-8' codec can't decode byte 0xc9 in position 4: invalid continuation byte, skipping this chunk
2025-08-04 17:54:50,141 - INFO - Played audio chunk: 9600 bytes (packet #74)
2025-08-04 17:54:50,141 - WARNING - Unicode decode error: 'utf-8' codec can't decode byte 0xfe in position 103: invalid start byte, skipping this chunk
2025-08-04 17:54:50,141 - WARNING - Unicode decode error: 'utf-8' codec can't decode byte 0xca in position 0: invalid continuation byte, skipping this chunk
2025-08-04 17:54:50,141 - WARNING - Unicode decode error: 'utf-8' codec can't decode byte 0xe2 in position 0: invalid continuation byte, skipping this chunk
2025-08-04 17:54:50,141 - WARNING - Unicode decode error: 'utf-8' codec can't decode byte 0xff in position 1: invalid start byte, skipping this chunk
2025-08-04 17:54:50,142 - WARNING - Unicode decode error: 'utf-8' codec can't decode byte 0xce in position 0: invalid continuation byte, skipping this chunk
2025-08-04 17:54:50,161 - WARNING - Unicode decode error: 'utf-8' codec can't decode byte 0xb2 in position 0: invalid start byte, skipping this chunk
2025-08-04 17:54:50,161 - WARNING - Unicode decode error: 'utf-8' codec can't decode byte 0xac in position 2: invalid start byte, skipping this chunk
2025-08-04 17:54:50,357 - INFO - Played audio chunk: 9600 bytes (packet #75)
2025-08-04 17:54:50,597 - INFO - Played audio chunk: 9600 bytes (packet #76)
2025-08-04 17:54:50,598 - WARNING - Unicode decode error: 'utf-8' codec can't decode byte 0xca in position 104: invalid continuation byte, skipping this chunk
2025-08-04 17:54:50,598 - WARNING - Unicode decode error: 'utf-8' codec can't decode byte 0xfe in position 1: invalid start byte, skipping this chunk
2025-08-04 17:54:50,598 - WARNING - Unicode decode error: 'utf-8' codec can't decode byte 0xfd in position 1: invalid start byte, skipping this chunk
2025-08-04 17:54:50,599 - WARNING - Unicode decode error: 'utf-8' codec can't decode byte 0xaf in position 0: invalid start byte, skipping this chunk
2025-08-04 17:54:50,599 - WARNING - Unicode decode error: 'utf-8' codec can't decode byte 0xb7 in position 22: invalid start byte, skipping this chunk
2025-08-04 17:54:50,600 - WARNING - Unicode decode error: 'utf-8' codec can't decode byte 0xff in position 1: invalid start byte, skipping this chunk
2025-08-04 17:54:50,609 - WARNING - Unicode decode error: 'utf-8' codec can't decode byte 0xd1 in position 0: invalid continuation byte, skipping this chunk
2025-08-04 17:54:50,610 - WARNING - Unicode decode error: 'utf-8' codec can't decode byte 0xb6 in position 0: invalid start byte, skipping this chunk
2025-08-04 17:54:50,610 - WARNING - Unicode decode error: 'utf-8' codec can't decode byte 0xc7 in position 4: invalid continuation byte, skipping this chunk
2025-08-04 17:54:50,611 - WARNING - Unicode decode error: 'utf-8' codec can't decode byte 0xff in position 1: invalid start byte, skipping this chunk
2025-08-04 17:54:50,611 - WARNING - Unicode decode error: 'utf-8' codec can't decode byte 0xe5 in position 22: invalid continuation byte, skipping this chunk
2025-08-04 17:54:50,612 - WARNING - Unicode decode error: 'utf-8' codec can't decode byte 0xcd in position 0: invalid continuation byte, skipping this chunk
2025-08-04 17:54:50,613 - WARNING - Unicode decode error: 'utf-8' codec can't decode byte 0xae in position 0: invalid start byte, skipping this chunk
2025-08-04 17:54:50,614 - WARNING - Unicode decode error: 'utf-8' codec can't decode byte 0xa6 in position 0: invalid start byte, skipping this chunk
2025-08-04 17:54:50,614 - WARNING - Unicode decode error: 'utf-8' codec can't decode byte 0xff in position 1: invalid start byte, skipping this chunk
2025-08-04 17:54:50,821 - INFO - Played audio chunk: 9600 bytes (packet #77)
2025-08-04 17:54:50,917 - INFO - Played audio chunk: 9600 bytes (packet #78)
2025-08-04 17:54:50,917 - WARNING - Unicode decode error: 'utf-8' codec can't decode byte 0xfe in position 103: invalid start byte, skipping this chunk
2025-08-04 17:54:50,920 - WARNING - Unicode decode error: 'utf-8' codec can't decode byte 0xdc in position 0: invalid continuation byte, skipping this chunk
2025-08-04 17:54:50,920 - WARNING - Unicode decode error: 'utf-8' codec can't decode byte 0xff in position 1: invalid start byte, skipping this chunk
2025-08-04 17:54:50,920 - WARNING - Unicode decode error: 'utf-8' codec can't decode byte 0xa9 in position 6: invalid start byte, skipping this chunk
2025-08-04 17:54:50,920 - WARNING - Unicode decode error: 'utf-8' codec can't decode byte 0xff in position 1: invalid start byte, skipping this chunk
2025-08-04 17:54:50,921 - WARNING - Unicode decode error: 'utf-8' codec can't decode byte 0xf8 in position 0: invalid start byte, skipping this chunk
2025-08-04 17:54:50,921 - WARNING - Unicode decode error: 'utf-8' codec can't decode byte 0xf8 in position 2: invalid start byte, skipping this chunk
2025-08-04 17:54:50,921 - WARNING - Unicode decode error: 'utf-8' codec can't decode byte 0x96 in position 0: invalid start byte, skipping this chunk
2025-08-04 17:54:51,044 - WARNING - Unicode decode error: 'utf-8' codec can't decode byte 0xff in position 103: invalid start byte, skipping this chunk
2025-08-04 17:54:51,044 - WARNING - Unicode decode error: 'utf-8' codec can't decode byte 0xff in position 1: invalid start byte, skipping this chunk
2025-08-04 17:54:51,044 - WARNING - Unicode decode error: 'utf-8' codec can't decode byte 0x99 in position 2: invalid start byte, skipping this chunk
2025-08-04 17:54:51,059 - WARNING - Unicode decode error: 'utf-8' codec can't decode byte 0xa0 in position 0: invalid start byte, skipping this chunk
2025-08-04 17:54:51,150 - INFO - Played audio chunk: 9600 bytes (packet #79)
2025-08-04 17:54:51,151 - WARNING - Unicode decode error: 'utf-8' codec can't decode byte 0xfd in position 103: invalid start byte, skipping this chunk
2025-08-04 17:54:51,151 - WARNING - Unicode decode error: 'utf-8' codec can't decode byte 0xc6 in position 2: invalid continuation byte, skipping this chunk
2025-08-04 17:54:51,153 - WARNING - Unicode decode error: 'utf-8' codec can't decode byte 0xcc in position 0: invalid continuation byte, skipping this chunk
2025-08-04 17:54:51,155 - WARNING - Unicode decode error: 'utf-8' codec can't decode byte 0xa4 in position 6: invalid start byte, skipping this chunk
2025-08-04 17:54:51,210 - WARNING - Unicode decode error: 'utf-8' codec can't decode byte 0x87 in position 0: invalid start byte, skipping this chunk
2025-08-04 17:54:51,271 - INFO - Played audio chunk: 9600 bytes (packet #80)
2025-08-04 17:54:51,489 - INFO - Played audio chunk: 9600 bytes (packet #81)
2025-08-04 17:54:51,602 - INFO - Played audio chunk: 9600 bytes (packet #82)
2025-08-04 17:54:51,603 - WARNING - Unicode decode error: 'utf-8' codec can't decode byte 0xff in position 103: invalid start byte, skipping this chunk
2025-08-04 17:54:51,603 - WARNING - Unicode decode error: 'utf-8' codec can't decode byte 0x82 in position 0: invalid start byte, skipping this chunk
2025-08-04 17:54:51,603 - WARNING - Unicode decode error: 'utf-8' codec can't decode byte 0x9a in position 0: invalid start byte, skipping this chunk
2025-08-04 17:54:51,605 - WARNING - Unicode decode error: 'utf-8' codec can't decode byte 0x83 in position 0: invalid start byte, skipping this chunk
2025-08-04 17:54:51,605 - WARNING - Unicode decode error: 'utf-8' codec can't decode byte 0x9d in position 0: invalid start byte, skipping this chunk
2025-08-04 17:54:51,605 - WARNING - Unicode decode error: 'utf-8' codec can't decode byte 0x99 in position 0: invalid start byte, skipping this chunk
2025-08-04 17:54:51,605 - WARNING - Unicode decode error: 'utf-8' codec can't decode byte 0x8a in position 0: invalid start byte, skipping this chunk
2025-08-04 17:54:51,638 - WARNING - Unicode decode error: 'utf-8' codec can't decode byte 0xc0 in position 2: invalid start byte, skipping this chunk
2025-08-04 17:54:51,729 - INFO - Played audio chunk: 9600 bytes (packet #83)
2025-08-04 17:54:51,864 - INFO - Played audio chunk: 9600 bytes (packet #84)
2025-08-04 17:54:51,943 - INFO - Played audio chunk: 9600 bytes (packet #85)
2025-08-04 17:54:52,069 - INFO - Played audio chunk: 9600 bytes (packet #86)
2025-08-04 17:54:52,174 - INFO - Played audio chunk: 9600 bytes (packet #87)
2025-08-04 17:54:52,185 - WARNING - Unicode decode error: 'utf-8' codec can't decode byte 0xbe in position 102: invalid start byte, skipping this chunk
2025-08-04 17:54:52,185 - WARNING - Unicode decode error: 'utf-8' codec can't decode byte 0x85 in position 2: invalid start byte, skipping this chunk
2025-08-04 17:54:52,185 - WARNING - Unicode decode error: 'utf-8' codec can't decode byte 0x8c in position 0: invalid start byte, skipping this chunk
2025-08-04 17:54:52,186 - WARNING - Unicode decode error: 'utf-8' codec can't decode byte 0x82 in position 0: invalid start byte, skipping this chunk
2025-08-04 17:54:52,186 - WARNING - Unicode decode error: 'utf-8' codec can't decode byte 0xb2 in position 12: invalid start byte, skipping this chunk
2025-08-04 17:54:52,186 - WARNING - Unicode decode error: 'utf-8' codec can't decode byte 0xa5 in position 2: invalid start byte, skipping this chunk
2025-08-04 17:54:52,190 - WARNING - Unicode decode error: 'utf-8' codec can't decode byte 0xfe in position 1: invalid start byte, skipping this chunk
2025-08-04 17:54:52,288 - INFO - Played audio chunk: 9600 bytes (packet #88)
2025-08-04 17:54:52,398 - INFO - Played audio chunk: 9600 bytes (packet #89)
2025-08-04 17:54:52,517 - INFO - Played audio chunk: 9600 bytes (packet #90)
2025-08-04 17:54:52,652 - INFO - Played audio chunk: 9600 bytes (packet #91)
2025-08-04 17:54:52,739 - INFO - Played audio chunk: 9600 bytes (packet #92)
2025-08-04 17:54:52,867 - INFO - Played audio chunk: 9600 bytes (packet #93)
2025-08-04 17:54:52,867 - WARNING - Unicode decode error: 'utf-8' codec can't decode byte 0xec in position 102: invalid continuation byte, skipping this chunk
2025-08-04 17:54:52,868 - WARNING - Unicode decode error: 'utf-8' codec can't decode byte 0xcf in position 2: invalid continuation byte, skipping this chunk
2025-08-04 17:54:52,868 - WARNING - Unicode decode error: 'utf-8' codec can't decode byte 0xfb in position 1: invalid start byte, skipping this chunk
2025-08-04 17:54:52,868 - WARNING - Unicode decode error: 'utf-8' codec can't decode byte 0xbb in position 2: invalid start byte, skipping this chunk
2025-08-04 17:54:52,874 - WARNING - Unicode decode error: 'utf-8' codec can't decode byte 0x9d in position 0: invalid start byte, skipping this chunk
2025-08-04 17:54:52,967 - INFO - Played audio chunk: 9600 bytes (packet #94)
2025-08-04 17:54:53,081 - INFO - Played audio chunk: 9600 bytes (packet #95)
2025-08-04 17:54:53,316 - INFO - Played audio chunk: 9600 bytes (packet #96)
2025-08-04 17:54:53,316 - WARNING - Unicode decode error: 'utf-8' codec can't decode byte 0xd4 in position 104: invalid continuation byte, skipping this chunk
2025-08-04 17:54:53,330 - WARNING - Unicode decode error: 'utf-8' codec can't decode byte 0xdd in position 0: invalid continuation byte, skipping this chunk
2025-08-04 17:54:53,357 - WARNING - Unicode decode error: 'utf-8' codec can't decode byte 0xf3 in position 0: invalid continuation byte, skipping this chunk
2025-08-04 17:54:53,358 - WARNING - Unicode decode error: 'utf-8' codec can't decode byte 0xc4 in position 8: invalid continuation byte, skipping this chunk
2025-08-04 17:54:53,358 - WARNING - Unicode decode error: 'utf-8' codec can't decode byte 0xa4 in position 2: invalid start byte, skipping this chunk
2025-08-04 17:54:53,358 - WARNING - Unicode decode error: 'utf-8' codec can't decode byte 0xad in position 0: invalid start byte, skipping this chunk
2025-08-04 17:54:53,504 - INFO - Played audio chunk: 9600 bytes (packet #97)
2025-08-04 17:54:53,626 - INFO - Played audio chunk: 9600 bytes (packet #98)
2025-08-04 17:54:53,726 - INFO - Played audio chunk: 9600 bytes (packet #99)
2025-08-04 17:54:53,726 - WARNING - Unicode decode error: 'utf-8' codec can't decode byte 0x82 in position 102: invalid start byte, skipping this chunk
2025-08-04 17:54:53,727 - WARNING - Unicode decode error: 'utf-8' codec can't decode byte 0xff in position 10: invalid start byte, skipping this chunk
2025-08-04 17:54:53,728 - WARNING - Unicode decode error: 'utf-8' codec can't decode byte 0xbe in position 4: invalid start byte, skipping this chunk
2025-08-04 17:54:53,729 - WARNING - Unicode decode error: 'utf-8' codec can't decode byte 0xec in position 0: invalid continuation byte, skipping this chunk
2025-08-04 17:54:53,730 - WARNING - Unicode decode error: 'utf-8' codec can't decode byte 0x82 in position 0: invalid start byte, skipping this chunk
2025-08-04 17:54:53,737 - WARNING - Unicode decode error: 'utf-8' codec can't decode byte 0xff in position 1: invalid start byte, skipping this chunk
2025-08-04 17:54:53,905 - INFO - Played audio chunk: 9600 bytes (packet #100)
2025-08-04 17:54:54,015 - INFO - Played audio chunk: 9600 bytes (packet #101)
2025-08-04 17:54:54,015 - WARNING - Unicode decode error: 'utf-8' codec can't decode byte 0xc8 in position 102: invalid continuation byte, skipping this chunk
2025-08-04 17:54:54,016 - WARNING - Unicode decode error: 'utf-8' codec can't decode byte 0x96 in position 0: invalid start byte, skipping this chunk
2025-08-04 17:54:54,017 - WARNING - Unicode decode error: 'utf-8' codec can't decode byte 0xc7 in position 0: invalid continuation byte, skipping this chunk
2025-08-04 17:54:54,018 - WARNING - Unicode decode error: 'utf-8' codec can't decode byte 0xfa in position 2: invalid start byte, skipping this chunk
2025-08-04 17:54:54,020 - WARNING - Unicode decode error: 'utf-8' codec can't decode byte 0x85 in position 0: invalid start byte, skipping this chunk
2025-08-04 17:54:54,021 - WARNING - Unicode decode error: 'utf-8' codec can't decode byte 0xfe in position 1: invalid start byte, skipping this chunk
2025-08-04 17:54:54,022 - WARNING - Unicode decode error: 'utf-8' codec can't decode byte 0xfe in position 1: invalid start byte, skipping this chunk
2025-08-04 17:54:54,028 - WARNING - Unicode decode error: 'utf-8' codec can't decode byte 0xc9 in position 0: invalid continuation byte, skipping this chunk
2025-08-04 17:54:54,137 - INFO - Played audio chunk: 9600 bytes (packet #102)
2025-08-04 17:54:54,214 - WARNING - Unicode decode error: 'utf-8' codec can't decode byte 0xc2 in position 102: invalid continuation byte, skipping this chunk
2025-08-04 17:54:54,215 - WARNING - Unicode decode error: 'utf-8' codec can't decode byte 0xe3 in position 4: invalid continuation byte, skipping this chunk
2025-08-04 17:54:54,215 - WARNING - Unicode decode error: 'utf-8' codec can't decode byte 0xc7 in position 2: invalid continuation byte, skipping this chunk
2025-08-04 17:54:54,216 - WARNING - Unicode decode error: 'utf-8' codec can't decode byte 0x86 in position 0: invalid start byte, skipping this chunk
2025-08-04 17:54:54,216 - WARNING - Unicode decode error: 'utf-8' codec can't decode byte 0xff in position 1: invalid start byte, skipping this chunk
2025-08-04 17:54:54,217 - WARNING - Unicode decode error: 'utf-8' codec can't decode byte 0xf3 in position 4: invalid continuation byte, skipping this chunk
2025-08-04 17:54:54,228 - WARNING - Unicode decode error: 'utf-8' codec can't decode byte 0x9a in position 2: invalid start byte, skipping this chunk
2025-08-04 17:54:54,374 - INFO - Played audio chunk: 9600 bytes (packet #103)
2025-08-04 17:54:54,451 - WARNING - Unicode decode error: 'utf-8' codec can't decode byte 0xe5 in position 102: invalid continuation byte, skipping this chunk
2025-08-04 17:54:54,451 - WARNING - Unicode decode error: 'utf-8' codec can't decode byte 0xff in position 1: invalid start byte, skipping this chunk
2025-08-04 17:54:54,459 - WARNING - Unicode decode error: 'utf-8' codec can't decode byte 0xfe in position 1: invalid start byte, skipping this chunk
2025-08-04 17:54:54,461 - WARNING - Unicode decode error: 'utf-8' codec can't decode byte 0xfe in position 1: invalid start byte, skipping this chunk
2025-08-04 17:54:54,475 - WARNING - Unicode decode error: 'utf-8' codec can't decode byte 0xe6 in position 0: invalid continuation byte, skipping this chunk
2025-08-04 17:54:54,502 - WARNING - Unicode decode error: 'utf-8' codec can't decode byte 0xfe in position 1: invalid start byte, skipping this chunk
2025-08-04 17:54:54,503 - INFO - Stats - Packets received: 103, Total bytes played: 988800
2025-08-04 17:54:54,573 - INFO - Played audio chunk: 9600 bytes (packet #104)
2025-08-04 17:54:54,701 - INFO - Played audio chunk: 9600 bytes (packet #105)
2025-08-04 17:54:54,701 - WARNING - Unicode decode error: 'utf-8' codec can't decode byte 0xfe in position 103: invalid start byte, skipping this chunk
2025-08-04 17:54:54,701 - WARNING - Unicode decode error: 'utf-8' codec can't decode byte 0xb7 in position 0: invalid start byte, skipping this chunk
2025-08-04 17:54:54,702 - WARNING - Unicode decode error: 'utf-8' codec can't decode byte 0xff in position 1: invalid start byte, skipping this chunk
2025-08-04 17:54:54,702 - WARNING - Unicode decode error: 'utf-8' codec can't decode byte 0x81 in position 0: invalid start byte, skipping this chunk
2025-08-04 17:54:54,703 - WARNING - Unicode decode error: 'utf-8' codec can't decode byte 0xef in position 4: invalid continuation byte, skipping this chunk
2025-08-04 17:54:54,833 - WARNING - Unicode decode error: 'utf-8' codec can't decode byte 0xc7 in position 102: invalid continuation byte, skipping this chunk
2025-08-04 17:54:54,834 - WARNING - Unicode decode error: 'utf-8' codec can't decode byte 0xfe in position 1: invalid start byte, skipping this chunk
2025-08-04 17:54:54,839 - WARNING - Unicode decode error: 'utf-8' codec can't decode byte 0xb8 in position 0: invalid start byte, skipping this chunk
2025-08-04 17:54:54,839 - WARNING - Unicode decode error: 'utf-8' codec can't decode byte 0xac in position 0: invalid start byte, skipping this chunk
2025-08-04 17:54:54,841 - WARNING - Unicode decode error: 'utf-8' codec can't decode byte 0xbf in position 0: invalid start byte, skipping this chunk
2025-08-04 17:54:55,013 - INFO - Played audio chunk: 9600 bytes (packet #106)
2025-08-04 17:54:55,014 - WARNING - Unicode decode error: 'utf-8' codec can't decode byte 0xff in position 103: invalid start byte, skipping this chunk
2025-08-04 17:54:55,017 - WARNING - Unicode decode error: 'utf-8' codec can't decode byte 0xcb in position 0: invalid continuation byte, skipping this chunk
2025-08-04 17:54:55,017 - WARNING - Unicode decode error: 'utf-8' codec can't decode byte 0xca in position 8: invalid continuation byte, skipping this chunk
2025-08-04 17:54:55,017 - WARNING - Unicode decode error: 'utf-8' codec can't decode byte 0xc9 in position 2: invalid continuation byte, skipping this chunk
2025-08-04 17:54:55,018 - WARNING - Unicode decode error: 'utf-8' codec can't decode byte 0xb4 in position 2: invalid start byte, skipping this chunk
2025-08-04 17:54:55,018 - WARNING - Unicode decode error: 'utf-8' codec can't decode byte 0xe5 in position 0: invalid continuation byte, skipping this chunk
2025-08-04 17:54:55,018 - WARNING - Unicode decode error: 'utf-8' codec can't decode byte 0xc2 in position 2: invalid continuation byte, skipping this chunk
2025-08-04 17:54:55,075 - WARNING - Unicode decode error: 'utf-8' codec can't decode byte 0xc4 in position 0: invalid continuation byte, skipping this chunk
2025-08-04 17:54:55,140 - INFO - Played audio chunk: 9600 bytes (packet #107)
2025-08-04 17:54:55,295 - INFO - Played audio chunk: 9600 bytes (packet #108)
2025-08-04 17:54:55,364 - INFO - Played audio chunk: 9600 bytes (packet #109)
2025-08-04 17:54:55,364 - WARNING - Unicode decode error: 'utf-8' codec can't decode byte 0xbd in position 110: invalid start byte, skipping this chunk
2025-08-04 17:54:55,364 - WARNING - Unicode decode error: 'utf-8' codec can't decode byte 0xfc in position 1: invalid start byte, skipping this chunk
2025-08-04 17:54:55,364 - WARNING - Unicode decode error: 'utf-8' codec can't decode byte 0xb5 in position 0: invalid start byte, skipping this chunk
2025-08-04 17:54:55,371 - WARNING - Unicode decode error: 'utf-8' codec can't decode byte 0xae in position 0: invalid start byte, skipping this chunk
2025-08-04 17:54:55,625 - INFO - Played audio chunk: 9600 bytes (packet #110)
2025-08-04 17:54:55,732 - INFO - Played audio chunk: 9600 bytes (packet #111)
2025-08-04 17:54:55,733 - WARNING - Unicode decode error: 'utf-8' codec can't decode byte 0xdd in position 104: invalid continuation byte, skipping this chunk
2025-08-04 17:54:55,735 - WARNING - Unicode decode error: 'utf-8' codec can't decode byte 0xfb in position 1: invalid start byte, skipping this chunk
2025-08-04 17:54:55,736 - WARNING - Unicode decode error: 'utf-8' codec can't decode byte 0x8d in position 4: invalid start byte, skipping this chunk
2025-08-04 17:54:55,736 - WARNING - Unicode decode error: 'utf-8' codec can't decode byte 0xfb in position 1: invalid start byte, skipping this chunk
2025-08-04 17:54:55,736 - WARNING - Unicode decode error: 'utf-8' codec can't decode byte 0xa1 in position 0: invalid start byte, skipping this chunk
2025-08-04 17:54:55,737 - WARNING - Unicode decode error: 'utf-8' codec can't decode byte 0xc0 in position 0: invalid start byte, skipping this chunk
2025-08-04 17:54:55,737 - WARNING - Unicode decode error: 'utf-8' codec can't decode byte 0xf9 in position 2: invalid start byte, skipping this chunk
2025-08-04 17:54:55,814 - INFO - Played audio chunk: 9600 bytes (packet #112)
2025-08-04 17:54:55,931 - INFO - Played audio chunk: 9600 bytes (packet #113)
2025-08-04 17:54:56,042 - INFO - Played audio chunk: 9600 bytes (packet #114)
2025-08-04 17:54:56,177 - INFO - Played audio chunk: 9600 bytes (packet #115)
2025-08-04 17:54:56,266 - INFO - Played audio chunk: 9600 bytes (packet #116)
2025-08-04 17:54:56,380 - INFO - Played audio chunk: 9600 bytes (packet #117)
2025-08-04 17:54:56,380 - WARNING - Unicode decode error: 'utf-8' codec can't decode byte 0xf4 in position 105: invalid continuation byte, skipping this chunk
2025-08-04 17:54:56,382 - WARNING - Unicode decode error: 'utf-8' codec can't decode byte 0x87 in position 4: invalid start byte, skipping this chunk
2025-08-04 17:54:56,382 - WARNING - Unicode decode error: 'utf-8' codec can't decode byte 0xfe in position 5: invalid start byte, skipping this chunk
2025-08-04 17:54:56,384 - WARNING - Unicode decode error: 'utf-8' codec can't decode byte 0xf7 in position 0: invalid start byte, skipping this chunk
2025-08-04 17:54:56,384 - WARNING - Unicode decode error: 'utf-8' codec can't decode byte 0xa6 in position 4: invalid start byte, skipping this chunk
2025-08-04 17:54:56,419 - WARNING - Unicode decode error: 'utf-8' codec can't decode byte 0x90 in position 0: invalid start byte, skipping this chunk
2025-08-04 17:54:56,491 - INFO - Played audio chunk: 9600 bytes (packet #118)
2025-08-04 17:54:56,638 - INFO - Played audio chunk: 9600 bytes (packet #119)
2025-08-04 17:54:56,741 - INFO - Played audio chunk: 9600 bytes (packet #120)
2025-08-04 17:54:56,845 - INFO - Played audio chunk: 9600 bytes (packet #121)
2025-08-04 17:54:56,946 - INFO - Played audio chunk: 9600 bytes (packet #122)
2025-08-04 17:54:57,070 - INFO - Played audio chunk: 9600 bytes (packet #123)
2025-08-04 17:54:57,070 - WARNING - Unicode decode error: 'utf-8' codec can't decode byte 0xae in position 102: invalid start byte, skipping this chunk
2025-08-04 17:54:57,070 - WARNING - Unicode decode error: 'utf-8' codec can't decode byte 0x81 in position 0: invalid start byte, skipping this chunk
2025-08-04 17:54:57,071 - WARNING - Unicode decode error: 'utf-8' codec can't decode byte 0xe1 in position 0: invalid continuation byte, skipping this chunk
2025-08-04 17:54:57,071 - WARNING - Unicode decode error: 'utf-8' codec can't decode byte 0xe4 in position 0: invalid continuation byte, skipping this chunk
2025-08-04 17:54:57,071 - WARNING - Unicode decode error: 'utf-8' codec can't decode byte 0xc5 in position 0: invalid continuation byte, skipping this chunk
2025-08-04 17:54:57,071 - WARNING - Unicode decode error: 'utf-8' codec can't decode byte 0xe3 in position 0: invalid continuation byte, skipping this chunk
2025-08-04 17:54:57,086 - WARNING - Unicode decode error: 'utf-8' codec can't decode byte 0xfa in position 0: invalid start byte, skipping this chunk
2025-08-04 17:54:57,295 - INFO - Played audio chunk: 9600 bytes (packet #124)
2025-08-04 17:54:57,403 - INFO - Played audio chunk: 9600 bytes (packet #125)
2025-08-04 17:54:57,403 - WARNING - Unicode decode error: 'utf-8' codec can't decode byte 0xad in position 102: invalid start byte, skipping this chunk
2025-08-04 17:54:57,403 - WARNING - Unicode decode error: 'utf-8' codec can't decode byte 0xfc in position 1: invalid start byte, skipping this chunk
2025-08-04 17:54:57,403 - WARNING - Unicode decode error: 'utf-8' codec can't decode byte 0xea in position 2: invalid continuation byte, skipping this chunk
2025-08-04 17:54:57,403 - WARNING - Unicode decode error: 'utf-8' codec can't decode byte 0xff in position 1: invalid start byte, skipping this chunk
2025-08-04 17:54:57,403 - WARNING - Unicode decode error: 'utf-8' codec can't decode byte 0xc4 in position 0: invalid continuation byte, skipping this chunk
2025-08-04 17:54:57,403 - WARNING - Unicode decode error: 'utf-8' codec can't decode byte 0x83 in position 0: invalid start byte, skipping this chunk
2025-08-04 17:54:57,419 - WARNING - Unicode decode error: 'utf-8' codec can't decode byte 0xe0 in position 0: invalid continuation byte, skipping this chunk
2025-08-04 17:54:57,524 - INFO - Played audio chunk: 9600 bytes (packet #126)
2025-08-04 17:54:57,631 - INFO - Played audio chunk: 9600 bytes (packet #127)
2025-08-04 17:54:57,745 - INFO - Played audio chunk: 9600 bytes (packet #128)
2025-08-04 17:54:57,856 - INFO - Played audio chunk: 9600 bytes (packet #129)
2025-08-04 17:54:57,993 - WARNING - Unicode decode error: 'utf-8' codec can't decode byte 0x85 in position 104: invalid start byte, skipping this chunk
2025-08-04 17:54:57,993 - WARNING - Unicode decode error: 'utf-8' codec can't decode byte 0x94 in position 0: invalid start byte, skipping this chunk
2025-08-04 17:54:57,993 - WARNING - Unicode decode error: 'utf-8' codec can't decode byte 0xd2 in position 0: invalid continuation byte, skipping this chunk
2025-08-04 17:54:57,993 - WARNING - Unicode decode error: 'utf-8' codec can't decode byte 0xfc in position 0: invalid start byte, skipping this chunk
2025-08-04 17:54:58,099 - INFO - Played audio chunk: 9600 bytes (packet #130)
2025-08-04 17:54:58,100 - WARNING - Unicode decode error: 'utf-8' codec can't decode byte 0xef in position 106: invalid continuation byte, skipping this chunk
2025-08-04 17:54:58,100 - WARNING - Unicode decode error: 'utf-8' codec can't decode byte 0xff in position 1: invalid start byte, skipping this chunk
2025-08-04 17:54:58,100 - WARNING - Unicode decode error: 'utf-8' codec can't decode byte 0xf0 in position 6: invalid continuation byte, skipping this chunk
2025-08-04 17:54:58,100 - WARNING - Unicode decode error: 'utf-8' codec can't decode byte 0xdf in position 0: invalid continuation byte, skipping this chunk
2025-08-04 17:54:58,100 - WARNING - Unicode decode error: 'utf-8' codec can't decode byte 0xa5 in position 0: invalid start byte, skipping this chunk
2025-08-04 17:54:58,101 - WARNING - Unicode decode error: 'utf-8' codec can't decode byte 0xa6 in position 4: invalid start byte, skipping this chunk
2025-08-04 17:54:58,102 - WARNING - Unicode decode error: 'utf-8' codec can't decode byte 0xd3 in position 0: invalid continuation byte, skipping this chunk
2025-08-04 17:54:58,191 - WARNING - Unicode decode error: 'utf-8' codec can't decode byte 0xfe in position 103: invalid start byte, skipping this chunk
2025-08-04 17:54:58,192 - WARNING - Unicode decode error: 'utf-8' codec can't decode byte 0x91 in position 10: invalid start byte, skipping this chunk
2025-08-04 17:54:58,193 - WARNING - Unicode decode error: 'utf-8' codec can't decode byte 0xb1 in position 0: invalid start byte, skipping this chunk
2025-08-04 17:54:58,193 - WARNING - Unicode decode error: 'utf-8' codec can't decode byte 0xda in position 0: invalid continuation byte, skipping this chunk
2025-08-04 17:54:58,193 - WARNING - Unicode decode error: 'utf-8' codec can't decode byte 0xff in position 1: invalid start byte, skipping this chunk
2025-08-04 17:54:58,199 - WARNING - Unicode decode error: 'utf-8' codec can't decode byte 0xee in position 0: invalid continuation byte, skipping this chunk
2025-08-04 17:54:58,199 - WARNING - Unicode decode error: 'utf-8' codec can't decode byte 0xe9 in position 0: invalid continuation byte, skipping this chunk
2025-08-04 17:54:58,314 - INFO - Played audio chunk: 9600 bytes (packet #131)
2025-08-04 17:54:58,458 - INFO - Played audio chunk: 9600 bytes (packet #132)
2025-08-04 17:54:58,572 - INFO - Played audio chunk: 9600 bytes (packet #133)
2025-08-04 17:54:58,658 - INFO - Played audio chunk: 9600 bytes (packet #134)
2025-08-04 17:54:58,779 - INFO - Played audio chunk: 9600 bytes (packet #135)
2025-08-04 17:54:58,779 - WARNING - Unicode decode error: 'utf-8' codec can't decode byte 0xa1 in position 102: invalid start byte, skipping this chunk
2025-08-04 17:54:58,780 - WARNING - Unicode decode error: 'utf-8' codec can't decode byte 0xa4 in position 0: invalid start byte, skipping this chunk
2025-08-04 17:54:58,780 - WARNING - Unicode decode error: 'utf-8' codec can't decode byte 0xb4 in position 0: invalid start byte, skipping this chunk
2025-08-04 17:54:58,787 - WARNING - Unicode decode error: 'utf-8' codec can't decode byte 0xa9 in position 0: invalid start byte, skipping this chunk
2025-08-04 17:54:58,884 - WARNING - Unicode decode error: 'utf-8' codec can't decode byte 0x88 in position 102: invalid start byte, skipping this chunk
2025-08-04 17:54:58,885 - WARNING - Unicode decode error: 'utf-8' codec can't decode byte 0xe7 in position 2: invalid continuation byte, skipping this chunk
2025-08-04 17:54:58,885 - WARNING - Unicode decode error: 'utf-8' codec can't decode byte 0xe5 in position 0: invalid continuation byte, skipping this chunk
2025-08-04 17:54:58,891 - WARNING - Unicode decode error: 'utf-8' codec can't decode byte 0xa7 in position 2: invalid start byte, skipping this chunk
2025-08-04 17:54:59,130 - INFO - Played audio chunk: 9600 bytes (packet #136)
2025-08-04 17:54:59,130 - WARNING - Unicode decode error: 'utf-8' codec can't decode byte 0xd9 in position 104: invalid continuation byte, skipping this chunk
2025-08-04 17:54:59,130 - WARNING - Unicode decode error: 'utf-8' codec can't decode byte 0xed in position 4: invalid continuation byte, skipping this chunk
2025-08-04 17:54:59,130 - WARNING - Unicode decode error: 'utf-8' codec can't decode byte 0xfe in position 1: invalid start byte, skipping this chunk
2025-08-04 17:54:59,219 - WARNING - Unicode decode error: 'utf-8' codec can't decode byte 0x83 in position 102: invalid start byte, skipping this chunk
2025-08-04 17:54:59,219 - WARNING - Unicode decode error: 'utf-8' codec can't decode byte 0x93 in position 0: invalid start byte, skipping this chunk
2025-08-04 17:54:59,219 - WARNING - Unicode decode error: 'utf-8' codec can't decode byte 0xfa in position 0: invalid start byte, skipping this chunk
2025-08-04 17:54:59,239 - WARNING - Unicode decode error: 'utf-8' codec can't decode byte 0xff in position 1: invalid start byte, skipping this chunk
2025-08-04 17:54:59,239 - WARNING - Unicode decode error: 'utf-8' codec can't decode byte 0xe8 in position 0: invalid continuation byte, skipping this chunk
2025-08-04 17:54:59,239 - WARNING - Unicode decode error: 'utf-8' codec can't decode byte 0xd4 in position 0: invalid continuation byte, skipping this chunk
2025-08-04 17:54:59,239 - WARNING - Unicode decode error: 'utf-8' codec can't decode byte 0x95 in position 0: invalid start byte, skipping this chunk
2025-08-04 17:54:59,353 - INFO - Played audio chunk: 9600 bytes (packet #137)
2025-08-04 17:54:59,452 - INFO - Played audio chunk: 9600 bytes (packet #138)
2025-08-04 17:54:59,453 - WARNING - Unicode decode error: 'utf-8' codec can't decode byte 0x92 in position 112: invalid start byte, skipping this chunk
2025-08-04 17:54:59,453 - WARNING - Unicode decode error: 'utf-8' codec can't decode byte 0xe2 in position 0: invalid continuation byte, skipping this chunk
2025-08-04 17:54:59,453 - WARNING - Unicode decode error: 'utf-8' codec can't decode byte 0xff in position 1: invalid start byte, skipping this chunk
2025-08-04 17:54:59,453 - WARNING - Unicode decode error: 'utf-8' codec can't decode byte 0xc8 in position 0: invalid continuation byte, skipping this chunk
2025-08-04 17:54:59,453 - WARNING - Unicode decode error: 'utf-8' codec can't decode byte 0x87 in position 0: invalid start byte, skipping this chunk
2025-08-04 17:54:59,453 - WARNING - Unicode decode error: 'utf-8' codec can't decode byte 0xfe in position 1: invalid start byte, skipping this chunk
2025-08-04 17:54:59,458 - WARNING - Unicode decode error: 'utf-8' codec can't decode byte 0xcc in position 4: invalid continuation byte, skipping this chunk
2025-08-04 17:54:59,695 - WARNING - Unicode decode error: 'utf-8' codec can't decode byte 0xff in position 103: invalid start byte, skipping this chunk
2025-08-04 17:54:59,695 - WARNING - Unicode decode error: 'utf-8' codec can't decode byte 0x92 in position 0: invalid start byte, skipping this chunk
2025-08-04 17:54:59,695 - WARNING - Unicode decode error: 'utf-8' codec can't decode byte 0x9f in position 0: invalid start byte, skipping this chunk
2025-08-04 17:54:59,697 - WARNING - Unicode decode error: 'utf-8' codec can't decode byte 0xda in position 12: invalid continuation byte, skipping this chunk
2025-08-04 17:54:59,705 - WARNING - Unicode decode error: 'utf-8' codec can't decode byte 0xe2 in position 12: invalid continuation byte, skipping this chunk
2025-08-04 17:54:59,800 - INFO - Played audio chunk: 9600 bytes (packet #139)
2025-08-04 17:54:59,800 - WARNING - Unicode decode error: 'utf-8' codec can't decode byte 0xef in position 108: invalid continuation byte, skipping this chunk
2025-08-04 17:54:59,803 - WARNING - Unicode decode error: 'utf-8' codec can't decode byte 0xb6 in position 8: invalid start byte, skipping this chunk
2025-08-04 17:54:59,803 - WARNING - Unicode decode error: 'utf-8' codec can't decode byte 0xeb in position 0: invalid continuation byte, skipping this chunk
2025-08-04 17:54:59,803 - WARNING - Unicode decode error: 'utf-8' codec can't decode byte 0x9f in position 0: invalid start byte, skipping this chunk
2025-08-04 17:54:59,805 - WARNING - Unicode decode error: 'utf-8' codec can't decode byte 0xf6 in position 0: invalid start byte, skipping this chunk
2025-08-04 17:54:59,805 - WARNING - Unicode decode error: 'utf-8' codec can't decode byte 0xb5 in position 0: invalid start byte, skipping this chunk
2025-08-04 17:54:59,912 - INFO - Played audio chunk: 9600 bytes (packet #140)
2025-08-04 17:55:00,043 - INFO - Played audio chunk: 9600 bytes (packet #141)
2025-08-04 17:55:00,148 - INFO - Played audio chunk: 9600 bytes (packet #142)
2025-08-04 17:55:00,308 - INFO - Played audio chunk: 9600 bytes (packet #143)
2025-08-04 17:55:00,362 - INFO - Played audio chunk: 9600 bytes (packet #144)
2025-08-04 17:55:00,490 - INFO - Played audio chunk: 9600 bytes (packet #145)
2025-08-04 17:55:00,490 - WARNING - Unicode decode error: 'utf-8' codec can't decode byte 0xdc in position 102: invalid continuation byte, skipping this chunk
2025-08-04 17:55:00,490 - WARNING - Unicode decode error: 'utf-8' codec can't decode byte 0xa1 in position 10: invalid start byte, skipping this chunk
2025-08-04 17:55:00,491 - WARNING - Unicode decode error: 'utf-8' codec can't decode byte 0xfd in position 0: invalid start byte, skipping this chunk
2025-08-04 17:55:00,495 - WARNING - Unicode decode error: 'utf-8' codec can't decode byte 0xe8 in position 0: invalid continuation byte, skipping this chunk
2025-08-04 17:55:00,496 - WARNING - Unicode decode error: 'utf-8' codec can't decode byte 0x87 in position 18: invalid start byte, skipping this chunk
2025-08-04 17:55:00,496 - WARNING - Unicode decode error: 'utf-8' codec can't decode byte 0xc4 in position 0: invalid continuation byte, skipping this chunk
2025-08-04 17:55:00,584 - WARNING - Unicode decode error: 'utf-8' codec can't decode byte 0xff in position 103: invalid start byte, skipping this chunk
2025-08-04 17:55:00,584 - WARNING - Unicode decode error: 'utf-8' codec can't decode byte 0x8d in position 0: invalid start byte, skipping this chunk
2025-08-04 17:55:00,584 - WARNING - Unicode decode error: 'utf-8' codec can't decode byte 0xff in position 1: invalid start byte, skipping this chunk
2025-08-04 17:55:00,585 - WARNING - Unicode decode error: 'utf-8' codec can't decode byte 0xf4 in position 4: invalid continuation byte, skipping this chunk
2025-08-04 17:55:00,585 - WARNING - Unicode decode error: 'utf-8' codec can't decode byte 0x87 in position 0: invalid start byte, skipping this chunk
2025-08-04 17:55:00,586 - WARNING - Unicode decode error: 'utf-8' codec can't decode byte 0xa5 in position 0: invalid start byte, skipping this chunk
2025-08-04 17:55:00,632 - WARNING - Unicode decode error: 'utf-8' codec can't decode byte 0xbd in position 2: invalid start byte, skipping this chunk
2025-08-04 17:55:00,813 - WARNING - Unicode decode error: 'utf-8' codec can't decode byte 0xf7 in position 104: invalid start byte, skipping this chunk
2025-08-04 17:55:00,813 - WARNING - Unicode decode error: 'utf-8' codec can't decode byte 0xc9 in position 0: invalid continuation byte, skipping this chunk
2025-08-04 17:55:00,817 - WARNING - Unicode decode error: 'utf-8' codec can't decode byte 0xb5 in position 0: invalid start byte, skipping this chunk
2025-08-04 17:55:00,817 - WARNING - Unicode decode error: 'utf-8' codec can't decode byte 0x9f in position 10: invalid start byte, skipping this chunk
2025-08-04 17:55:00,817 - WARNING - Unicode decode error: 'utf-8' codec can't decode byte 0x85 in position 2: invalid start byte, skipping this chunk
2025-08-04 17:55:00,821 - WARNING - Unicode decode error: 'utf-8' codec can't decode byte 0xff in position 1: invalid start byte, skipping this chunk
2025-08-04 17:55:00,821 - WARNING - Unicode decode error: 'utf-8' codec can't decode byte 0xef in position 0: invalid continuation byte, skipping this chunk
2025-08-04 17:55:00,822 - WARNING - Unicode decode error: 'utf-8' codec can't decode byte 0xe1 in position 0: invalid continuation byte, skipping this chunk
2025-08-04 17:55:00,822 - WARNING - Unicode decode error: 'utf-8' codec can't decode byte 0x94 in position 4: invalid start byte, skipping this chunk
2025-08-04 17:55:00,826 - WARNING - Unicode decode error: 'utf-8' codec can't decode byte 0xac in position 0: invalid start byte, skipping this chunk
2025-08-04 17:55:00,826 - WARNING - Unicode decode error: 'utf-8' codec can't decode byte 0xb2 in position 0: invalid start byte, skipping this chunk
2025-08-04 17:55:00,826 - WARNING - Unicode decode error: 'utf-8' codec can't decode byte 0xa3 in position 0: invalid start byte, skipping this chunk
2025-08-04 17:55:00,945 - INFO - Played audio chunk: 9600 bytes (packet #146)
2025-08-04 17:55:01,047 - INFO - Played audio chunk: 9600 bytes (packet #147)
2025-08-04 17:55:01,189 - INFO - Played audio chunk: 9600 bytes (packet #148)
2025-08-04 17:55:01,189 - WARNING - Unicode decode error: 'utf-8' codec can't decode byte 0xf3 in position 114: invalid continuation byte, skipping this chunk
2025-08-04 17:55:01,189 - WARNING - Unicode decode error: 'utf-8' codec can't decode byte 0xc8 in position 0: invalid continuation byte, skipping this chunk
2025-08-04 17:55:01,189 - WARNING - Unicode decode error: 'utf-8' codec can't decode byte 0xb2 in position 2: invalid start byte, skipping this chunk
2025-08-04 17:55:01,190 - WARNING - Unicode decode error: 'utf-8' codec can't decode byte 0xd1 in position 0: invalid continuation byte, skipping this chunk
2025-08-04 17:55:01,190 - WARNING - Unicode decode error: 'utf-8' codec can't decode byte 0xae in position 4: invalid start byte, skipping this chunk
2025-08-04 17:55:01,190 - WARNING - Unicode decode error: 'utf-8' codec can't decode byte 0xc4 in position 8: invalid continuation byte, skipping this chunk
2025-08-04 17:55:01,408 - INFO - Played audio chunk: 9600 bytes (packet #149)
2025-08-04 17:55:01,528 - INFO - Played audio chunk: 9600 bytes (packet #150)
2025-08-04 17:55:01,528 - WARNING - Unicode decode error: 'utf-8' codec can't decode byte 0xff in position 103: invalid start byte, skipping this chunk
2025-08-04 17:55:01,528 - WARNING - Unicode decode error: 'utf-8' codec can't decode byte 0xdc in position 0: invalid continuation byte, skipping this chunk
2025-08-04 17:55:01,535 - WARNING - Unicode decode error: 'utf-8' codec can't decode byte 0x82 in position 0: invalid start byte, skipping this chunk
2025-08-04 17:55:01,536 - WARNING - Unicode decode error: 'utf-8' codec can't decode byte 0xa0 in position 14: invalid start byte, skipping this chunk
2025-08-04 17:55:01,537 - WARNING - Unicode decode error: 'utf-8' codec can't decode byte 0xff in position 1: invalid start byte, skipping this chunk
2025-08-04 17:55:01,538 - WARNING - Unicode decode error: 'utf-8' codec can't decode byte 0xb6 in position 0: invalid start byte, skipping this chunk
2025-08-04 17:55:01,561 - WARNING - Unicode decode error: 'utf-8' codec can't decode byte 0xf3 in position 0: invalid continuation byte, skipping this chunk
2025-08-04 17:55:01,638 - INFO - Played audio chunk: 9600 bytes (packet #151)
2025-08-04 17:55:01,798 - INFO - Played audio chunk: 9600 bytes (packet #152)
2025-08-04 17:55:01,911 - INFO - Played audio chunk: 9600 bytes (packet #153)
2025-08-04 17:55:01,990 - INFO - Played audio chunk: 9600 bytes (packet #154)
2025-08-04 17:55:02,075 - INFO - Played audio chunk: 9600 bytes (packet #155)
2025-08-04 17:55:02,197 - WARNING - Unicode decode error: 'utf-8' codec can't decode byte 0xff in position 103: invalid start byte, skipping this chunk
2025-08-04 17:55:02,201 - WARNING - Unicode decode error: 'utf-8' codec can't decode byte 0xb1 in position 0: invalid start byte, skipping this chunk
2025-08-04 17:55:02,201 - WARNING - Unicode decode error: 'utf-8' codec can't decode byte 0xf3 in position 10: invalid continuation byte, skipping this chunk
2025-08-04 17:55:02,201 - WARNING - Unicode decode error: 'utf-8' codec can't decode byte 0xf1 in position 0: invalid continuation byte, skipping this chunk
2025-08-04 17:55:02,202 - WARNING - Unicode decode error: 'utf-8' codec can't decode byte 0xfd in position 1: invalid start byte, skipping this chunk
2025-08-04 17:55:02,202 - WARNING - Unicode decode error: 'utf-8' codec can't decode byte 0xf6 in position 2: invalid start byte, skipping this chunk
2025-08-04 17:55:02,203 - WARNING - Unicode decode error: 'utf-8' codec can't decode byte 0xad in position 0: invalid start byte, skipping this chunk
2025-08-04 17:55:02,203 - WARNING - Unicode decode error: 'utf-8' codec can't decode byte 0x91 in position 6: invalid start byte, skipping this chunk
2025-08-04 17:55:02,204 - WARNING - Unicode decode error: 'utf-8' codec can't decode byte 0xed in position 4: invalid continuation byte, skipping this chunk
2025-08-04 17:55:02,208 - WARNING - Unicode decode error: 'utf-8' codec can't decode byte 0xfe in position 1: invalid start byte, skipping this chunk
2025-08-04 17:55:02,296 - WARNING - Unicode decode error: 'utf-8' codec can't decode byte 0xff in position 103: invalid start byte, skipping this chunk
2025-08-04 17:55:02,306 - WARNING - Unicode decode error: 'utf-8' codec can't decode byte 0xff in position 1: invalid start byte, skipping this chunk
2025-08-04 17:55:02,307 - WARNING - Unicode decode error: 'utf-8' codec can't decode byte 0xd7 in position 0: invalid continuation byte, skipping this chunk
2025-08-04 17:55:02,457 - INFO - Played audio chunk: 9600 bytes (packet #156)
2025-08-04 17:55:02,555 - WARNING - Unicode decode error: 'utf-8' codec can't decode byte 0xba in position 102: invalid start byte, skipping this chunk
2025-08-04 17:55:02,560 - WARNING - Unicode decode error: 'utf-8' codec can't decode byte 0xda in position 2: invalid continuation byte, skipping this chunk
2025-08-04 17:55:02,561 - WARNING - Unicode decode error: 'utf-8' codec can't decode byte 0xa9 in position 0: invalid start byte, skipping this chunk
2025-08-04 17:55:02,562 - WARNING - Unicode decode error: 'utf-8' codec can't decode byte 0x80 in position 2: invalid start byte, skipping this chunk
2025-08-04 17:55:02,563 - WARNING - Unicode decode error: 'utf-8' codec can't decode byte 0xb9 in position 6: invalid start byte, skipping this chunk
2025-08-04 17:55:02,565 - WARNING - Unicode decode error: 'utf-8' codec can't decode byte 0xff in position 1: invalid start byte, skipping this chunk
2025-08-04 17:55:02,569 - WARNING - Unicode decode error: 'utf-8' codec can't decode byte 0xe9 in position 0: invalid continuation byte, skipping this chunk
2025-08-04 17:55:02,668 - WARNING - Unicode decode error: 'utf-8' codec can't decode byte 0xff in position 103: invalid start byte, skipping this chunk
2025-08-04 17:55:02,668 - WARNING - Unicode decode error: 'utf-8' codec can't decode byte 0xc9 in position 0: invalid continuation byte, skipping this chunk
2025-08-04 17:55:02,669 - WARNING - Unicode decode error: 'utf-8' codec can't decode byte 0xff in position 1: invalid start byte, skipping this chunk
2025-08-04 17:55:02,669 - WARNING - Unicode decode error: 'utf-8' codec can't decode byte 0x82 in position 2: invalid start byte, skipping this chunk
2025-08-04 17:55:02,670 - WARNING - Unicode decode error: 'utf-8' codec can't decode byte 0xfd in position 1: invalid start byte, skipping this chunk
2025-08-04 17:55:02,674 - WARNING - Unicode decode error: 'utf-8' codec can't decode byte 0xe4 in position 0: invalid continuation byte, skipping this chunk
2025-08-04 17:55:02,829 - INFO - Played audio chunk: 9600 bytes (packet #157)
2025-08-04 17:55:02,893 - INFO - Played audio chunk: 9600 bytes (packet #158)
2025-08-04 17:55:02,893 - WARNING - Unicode decode error: 'utf-8' codec can't decode byte 0xff in position 103: invalid start byte, skipping this chunk
2025-08-04 17:55:02,894 - WARNING - Unicode decode error: 'utf-8' codec can't decode byte 0x9c in position 0: invalid start byte, skipping this chunk
2025-08-04 17:55:02,894 - WARNING - Unicode decode error: 'utf-8' codec can't decode byte 0xa4 in position 0: invalid start byte, skipping this chunk
2025-08-04 17:55:02,895 - WARNING - Unicode decode error: 'utf-8' codec can't decode byte 0xe1 in position 10: invalid continuation byte, skipping this chunk
2025-08-04 17:55:02,895 - WARNING - Unicode decode error: 'utf-8' codec can't decode byte 0xff in position 1: invalid start byte, skipping this chunk
2025-08-04 17:55:02,895 - WARNING - Unicode decode error: 'utf-8' codec can't decode byte 0x89 in position 0: invalid start byte, skipping this chunk
2025-08-04 17:55:02,896 - WARNING - Unicode decode error: 'utf-8' codec can't decode byte 0x92 in position 0: invalid start byte, skipping this chunk
2025-08-04 17:55:02,906 - WARNING - Unicode decode error: 'utf-8' codec can't decode byte 0xc9 in position 0: invalid continuation byte, skipping this chunk
2025-08-04 17:55:02,980 - INFO - Played audio chunk: 9600 bytes (packet #159)
2025-08-04 17:55:03,233 - INFO - Played audio chunk: 9600 bytes (packet #160)
2025-08-04 17:55:03,233 - WARNING - Unicode decode error: 'utf-8' codec can't decode byte 0xa7 in position 102: invalid start byte, skipping this chunk
2025-08-04 17:55:03,233 - WARNING - Unicode decode error: 'utf-8' codec can't decode byte 0x8f in position 0: invalid start byte, skipping this chunk
2025-08-04 17:55:03,233 - WARNING - Unicode decode error: 'utf-8' codec can't decode byte 0xce in position 0: invalid continuation byte, skipping this chunk
2025-08-04 17:55:03,320 - WARNING - Unicode decode error: 'utf-8' codec can't decode byte 0xf1 in position 108: invalid continuation byte, skipping this chunk
2025-08-04 17:55:03,321 - WARNING - Unicode decode error: 'utf-8' codec can't decode byte 0xed in position 2: invalid continuation byte, skipping this chunk
2025-08-04 17:55:03,321 - WARNING - Unicode decode error: 'utf-8' codec can't decode byte 0xdd in position 6: invalid continuation byte, skipping this chunk
2025-08-04 17:55:03,322 - WARNING - Unicode decode error: 'utf-8' codec can't decode byte 0xe3 in position 0: invalid continuation byte, skipping this chunk
2025-08-04 17:55:03,322 - WARNING - Unicode decode error: 'utf-8' codec can't decode byte 0x8b in position 4: invalid start byte, skipping this chunk
2025-08-04 17:55:03,326 - WARNING - Unicode decode error: 'utf-8' codec can't decode byte 0xab in position 0: invalid start byte, skipping this chunk
2025-08-04 17:55:03,345 - WARNING - Unicode decode error: 'utf-8' codec can't decode byte 0xc9 in position 0: invalid continuation byte, skipping this chunk
2025-08-04 17:55:03,457 - INFO - Played audio chunk: 9600 bytes (packet #161)
2025-08-04 17:55:03,597 - INFO - Played audio chunk: 9600 bytes (packet #162)
2025-08-04 17:55:03,679 - INFO - Played audio chunk: 9600 bytes (packet #163)
2025-08-04 17:55:03,837 - INFO - Played audio chunk: 9600 bytes (packet #164)
2025-08-04 17:55:03,901 - WARNING - Unicode decode error: 'utf-8' codec can't decode byte 0xf1 in position 102: invalid continuation byte, skipping this chunk
2025-08-04 17:55:04,063 - WARNING - Unicode decode error: 'utf-8' codec can't decode byte 0xff in position 1: invalid start byte, skipping this chunk
2025-08-04 17:55:04,064 - WARNING - Unicode decode error: 'utf-8' codec can't decode byte 0x86 in position 12: invalid start byte, skipping this chunk
2025-08-04 17:55:04,064 - WARNING - Unicode decode error: 'utf-8' codec can't decode byte 0xfd in position 0: invalid start byte, skipping this chunk
2025-08-04 17:55:04,080 - WARNING - Unicode decode error: 'utf-8' codec can't decode byte 0xac in position 0: invalid start byte, skipping this chunk
2025-08-04 17:55:04,080 - WARNING - Unicode decode error: 'utf-8' codec can't decode byte 0xe1 in position 0: invalid continuation byte, skipping this chunk
2025-08-04 17:55:04,080 - WARNING - Unicode decode error: 'utf-8' codec can't decode byte 0x84 in position 4: invalid start byte, skipping this chunk
2025-08-04 17:55:04,081 - WARNING - Unicode decode error: 'utf-8' codec can't decode byte 0x85 in position 110: invalid start byte, skipping this chunk
2025-08-04 17:55:04,081 - WARNING - Unicode decode error: 'utf-8' codec can't decode byte 0xee in position 4: invalid continuation byte, skipping this chunk
2025-08-04 17:55:04,081 - WARNING - Unicode decode error: 'utf-8' codec can't decode byte 0xa9 in position 2: invalid start byte, skipping this chunk
2025-08-04 17:55:04,099 - WARNING - Unicode decode error: 'utf-8' codec can't decode byte 0xeb in position 0: invalid continuation byte, skipping this chunk
2025-08-04 17:55:04,100 - WARNING - Unicode decode error: 'utf-8' codec can't decode byte 0xc6 in position 0: invalid continuation byte, skipping this chunk
2025-08-04 17:55:04,131 - WARNING - Unicode decode error: 'utf-8' codec can't decode byte 0xcd in position 102: invalid continuation byte, skipping this chunk
2025-08-04 17:55:04,131 - WARNING - Unicode decode error: 'utf-8' codec can't decode byte 0x9e in position 2: invalid start byte, skipping this chunk
2025-08-04 17:55:04,131 - WARNING - Unicode decode error: 'utf-8' codec can't decode byte 0xae in position 8: invalid start byte, skipping this chunk
2025-08-04 17:55:04,132 - WARNING - Unicode decode error: 'utf-8' codec can't decode byte 0x99 in position 6: invalid start byte, skipping this chunk
2025-08-04 17:55:04,132 - WARNING - Unicode decode error: 'utf-8' codec can't decode byte 0x99 in position 4: invalid start byte, skipping this chunk
2025-08-04 17:55:04,134 - WARNING - Unicode decode error: 'utf-8' codec can't decode byte 0x80 in position 0: invalid start byte, skipping this chunk
2025-08-04 17:55:04,139 - WARNING - Unicode decode error: 'utf-8' codec can't decode byte 0xaf in position 10: invalid start byte, skipping this chunk
2025-08-04 17:55:04,363 - INFO - Played audio chunk: 9600 bytes (packet #165)
2025-08-04 17:55:04,363 - WARNING - Unicode decode error: 'utf-8' codec can't decode byte 0xe7 in position 102: invalid continuation byte, skipping this chunk
2025-08-04 17:55:04,364 - WARNING - Unicode decode error: 'utf-8' codec can't decode byte 0xbb in position 0: invalid start byte, skipping this chunk
2025-08-04 17:55:04,365 - WARNING - Unicode decode error: 'utf-8' codec can't decode byte 0xe6 in position 6: invalid continuation byte, skipping this chunk
2025-08-04 17:55:04,366 - WARNING - Unicode decode error: 'utf-8' codec can't decode byte 0xc7 in position 4: invalid continuation byte, skipping this chunk
2025-08-04 17:55:04,367 - WARNING - Unicode decode error: 'utf-8' codec can't decode byte 0xde in position 0: invalid continuation byte, skipping this chunk
2025-08-04 17:55:04,368 - WARNING - Unicode decode error: 'utf-8' codec can't decode byte 0x9e in position 0: invalid start byte, skipping this chunk
2025-08-04 17:55:04,369 - WARNING - Unicode decode error: 'utf-8' codec can't decode byte 0xac in position 0: invalid start byte, skipping this chunk
2025-08-04 17:55:04,370 - WARNING - Unicode decode error: 'utf-8' codec can't decode byte 0xff in position 1: invalid start byte, skipping this chunk
2025-08-04 17:55:04,505 - INFO - Stats - Packets received: 165, Total bytes played: 1584000
2025-08-04 17:55:04,613 - WARNING - Unicode decode error: 'utf-8' codec can't decode byte 0xda in position 108: invalid continuation byte, skipping this chunk
2025-08-04 17:55:04,614 - WARNING - Unicode decode error: 'utf-8' codec can't decode byte 0xbf in position 0: invalid start byte, skipping this chunk
2025-08-04 17:55:04,614 - WARNING - Unicode decode error: 'utf-8' codec can't decode byte 0xce in position 0: invalid continuation byte, skipping this chunk
2025-08-04 17:55:04,614 - WARNING - Unicode decode error: 'utf-8' codec can't decode byte 0x9b in position 0: invalid start byte, skipping this chunk
2025-08-04 17:55:04,615 - WARNING - Unicode decode error: 'utf-8' codec can't decode byte 0xff in position 1: invalid start byte, skipping this chunk
2025-08-04 17:55:04,615 - WARNING - Unicode decode error: 'utf-8' codec can't decode byte 0xff in position 1: invalid start byte, skipping this chunk
2025-08-04 17:55:04,616 - WARNING - Unicode decode error: 'utf-8' codec can't decode byte 0xa1 in position 0: invalid start byte, skipping this chunk
2025-08-04 17:55:04,616 - WARNING - Unicode decode error: 'utf-8' codec can't decode byte 0xab in position 0: invalid start byte, skipping this chunk
2025-08-04 17:55:04,617 - WARNING - Unicode decode error: 'utf-8' codec can't decode byte 0xad in position 2: invalid start byte, skipping this chunk
2025-08-04 17:55:04,618 - WARNING - Unicode decode error: 'utf-8' codec can't decode byte 0xd3 in position 0: invalid continuation byte, skipping this chunk
2025-08-04 17:55:04,622 - WARNING - Unicode decode error: 'utf-8' codec can't decode byte 0xa1 in position 0: invalid start byte, skipping this chunk
2025-08-04 17:55:04,623 - WARNING - Unicode decode error: 'utf-8' codec can't decode byte 0xff in position 1: invalid start byte, skipping this chunk
2025-08-04 17:55:04,624 - WARNING - Unicode decode error: 'utf-8' codec can't decode byte 0x85 in position 0: invalid start byte, skipping this chunk
2025-08-04 17:55:04,624 - WARNING - Unicode decode error: 'utf-8' codec can't decode byte 0x95 in position 2: invalid start byte, skipping this chunk
2025-08-04 17:55:04,624 - WARNING - Unicode decode error: 'utf-8' codec can't decode byte 0xfe in position 1: invalid start byte, skipping this chunk
2025-08-04 17:55:04,625 - WARNING - Unicode decode error: 'utf-8' codec can't decode byte 0xff in position 1: invalid start byte, skipping this chunk
2025-08-04 17:55:04,643 - WARNING - Unicode decode error: 'utf-8' codec can't decode byte 0xb3 in position 0: invalid start byte, skipping this chunk
2025-08-04 17:55:04,864 - INFO - Played audio chunk: 9600 bytes (packet #166)
2025-08-04 17:55:04,926 - INFO - Played audio chunk: 9600 bytes (packet #167)
2025-08-04 17:55:04,926 - WARNING - Unicode decode error: 'utf-8' codec can't decode byte 0xbd in position 102: invalid start byte, skipping this chunk
2025-08-04 17:55:04,926 - WARNING - Unicode decode error: 'utf-8' codec can't decode byte 0xff in position 1: invalid start byte, skipping this chunk
2025-08-04 17:55:04,927 - WARNING - Unicode decode error: 'utf-8' codec can't decode byte 0xfe in position 0: invalid start byte, skipping this chunk
2025-08-04 17:55:04,927 - WARNING - Unicode decode error: 'utf-8' codec can't decode byte 0xfe in position 1: invalid start byte, skipping this chunk
2025-08-04 17:55:04,930 - WARNING - Unicode decode error: 'utf-8' codec can't decode byte 0xa9 in position 0: invalid start byte, skipping this chunk
2025-08-04 17:55:04,931 - WARNING - Unicode decode error: 'utf-8' codec can't decode byte 0xfe in position 10: invalid start byte, skipping this chunk
2025-08-04 17:55:04,931 - WARNING - Unicode decode error: 'utf-8' codec can't decode byte 0xfc in position 0: invalid start byte, skipping this chunk
2025-08-04 17:55:04,951 - WARNING - Unicode decode error: 'utf-8' codec can't decode byte 0xfa in position 4: invalid start byte, skipping this chunk
2025-08-04 17:55:05,152 - INFO - Played audio chunk: 9600 bytes (packet #168)
2025-08-04 17:55:05,152 - WARNING - Unicode decode error: 'utf-8' codec can't decode byte 0xac in position 102: invalid start byte, skipping this chunk
2025-08-04 17:55:05,152 - WARNING - Unicode decode error: 'utf-8' codec can't decode byte 0x83 in position 0: invalid start byte, skipping this chunk
2025-08-04 17:55:05,152 - WARNING - Unicode decode error: 'utf-8' codec can't decode byte 0xfd in position 1: invalid start byte, skipping this chunk
2025-08-04 17:55:05,224 - WARNING - Unicode decode error: 'utf-8' codec can't decode byte 0x84 in position 0: invalid start byte, skipping this chunk
2025-08-04 17:55:05,432 - INFO - Played audio chunk: 9600 bytes (packet #169)
2025-08-04 17:55:05,433 - WARNING - Unicode decode error: 'utf-8' codec can't decode byte 0xff in position 103: invalid start byte, skipping this chunk
2025-08-04 17:55:05,433 - WARNING - Unicode decode error: 'utf-8' codec can't decode byte 0xbf in position 0: invalid start byte, skipping this chunk
2025-08-04 17:55:05,433 - WARNING - Unicode decode error: 'utf-8' codec can't decode byte 0xa6 in position 2: invalid start byte, skipping this chunk
2025-08-04 17:55:05,674 - INFO - Played audio chunk: 9600 bytes (packet #170)
2025-08-04 17:55:05,674 - WARNING - Unicode decode error: 'utf-8' codec can't decode byte 0x86 in position 104: invalid start byte, skipping this chunk
2025-08-04 17:55:05,674 - WARNING - Unicode decode error: 'utf-8' codec can't decode byte 0xf7 in position 0: invalid start byte, skipping this chunk
2025-08-04 17:55:05,675 - WARNING - Unicode decode error: 'utf-8' codec can't decode byte 0xdf in position 0: invalid continuation byte, skipping this chunk
2025-08-04 17:55:05,675 - WARNING - Unicode decode error: 'utf-8' codec can't decode byte 0x88 in position 2: invalid start byte, skipping this chunk
2025-08-04 17:55:05,676 - WARNING - Unicode decode error: 'utf-8' codec can't decode byte 0x93 in position 2: invalid start byte, skipping this chunk
2025-08-04 17:55:05,676 - WARNING - Unicode decode error: 'utf-8' codec can't decode byte 0xff in position 1: invalid start byte, skipping this chunk
2025-08-04 17:55:05,679 - WARNING - Unicode decode error: 'utf-8' codec can't decode byte 0xfe in position 2: invalid start byte, skipping this chunk
2025-08-04 17:55:05,679 - WARNING - Unicode decode error: 'utf-8' codec can't decode byte 0xce in position 0: invalid continuation byte, skipping this chunk
2025-08-04 17:55:05,680 - WARNING - Unicode decode error: 'utf-8' codec can't decode byte 0xd7 in position 0: invalid continuation byte, skipping this chunk
2025-08-04 17:55:05,680 - WARNING - Unicode decode error: 'utf-8' codec can't decode byte 0xab in position 2: invalid start byte, skipping this chunk
2025-08-04 17:55:05,681 - WARNING - Unicode decode error: 'utf-8' codec can't decode byte 0xef in position 0: invalid continuation byte, skipping this chunk
2025-08-04 17:55:05,685 - WARNING - Unicode decode error: 'utf-8' codec can't decode byte 0xfe in position 1: invalid start byte, skipping this chunk
2025-08-04 17:55:05,686 - WARNING - Unicode decode error: 'utf-8' codec can't decode byte 0xe4 in position 0: invalid continuation byte, skipping this chunk
2025-08-04 17:55:05,878 - WARNING - Unicode decode error: 'utf-8' codec can't decode byte 0xfd in position 1: invalid start byte, skipping this chunk
2025-08-04 17:55:05,879 - WARNING - Unicode decode error: 'utf-8' codec can't decode byte 0xae in position 0: invalid start byte, skipping this chunk
2025-08-04 17:55:05,883 - WARNING - Unicode decode error: 'utf-8' codec can't decode byte 0xf6 in position 0: invalid start byte, skipping this chunk
2025-08-04 17:55:05,883 - WARNING - Unicode decode error: 'utf-8' codec can't decode byte 0xf1 in position 0: invalid continuation byte, skipping this chunk
2025-08-04 17:55:05,927 - WARNING - Unicode decode error: 'utf-8' codec can't decode byte 0xa2 in position 106: invalid start byte, skipping this chunk
2025-08-04 17:55:05,927 - WARNING - Unicode decode error: 'utf-8' codec can't decode byte 0xfb in position 0: invalid start byte, skipping this chunk
2025-08-04 17:55:05,928 - WARNING - Unicode decode error: 'utf-8' codec can't decode byte 0xeb in position 0: invalid continuation byte, skipping this chunk
2025-08-04 17:55:05,928 - WARNING - Unicode decode error: 'utf-8' codec can't decode byte 0xee in position 1: invalid continuation byte, skipping this chunk
2025-08-04 17:55:05,929 - WARNING - Unicode decode error: 'utf-8' codec can't decode byte 0xff in position 1: invalid start byte, skipping this chunk
2025-08-04 17:55:05,933 - WARNING - Unicode decode error: 'utf-8' codec can't decode byte 0xee in position 1: invalid continuation byte, skipping this chunk
2025-08-04 17:55:05,933 - WARNING - Unicode decode error: 'utf-8' codec can't decode byte 0xd9 in position 1: invalid continuation byte, skipping this chunk
2025-08-04 17:55:05,939 - WARNING - Unicode decode error: 'utf-8' codec can't decode byte 0xca in position 1: invalid continuation byte, skipping this chunk
2025-08-04 17:55:05,939 - WARNING - Unicode decode error: 'utf-8' codec can't decode byte 0xca in position 1: invalid continuation byte, skipping this chunk
2025-08-04 17:55:05,939 - WARNING - Unicode decode error: 'utf-8' codec can't decode byte 0xca in position 1: invalid continuation byte, skipping this chunk
2025-08-04 17:55:05,946 - WARNING - Unicode decode error: 'utf-8' codec can't decode byte 0xca in position 1: invalid continuation byte, skipping this chunk
2025-08-04 17:55:06,082 - WARNING - Unicode decode error: 'utf-8' codec can't decode byte 0xe8 in position 0: invalid continuation byte, skipping this chunk
2025-08-04 17:55:06,082 - WARNING - Unicode decode error: 'utf-8' codec can't decode byte 0xca in position 1: invalid continuation byte, skipping this chunk
2025-08-04 17:55:06,102 - WARNING - Unicode decode error: 'utf-8' codec can't decode byte 0xca in position 103: invalid continuation byte, skipping this chunk
2025-08-04 17:55:06,104 - WARNING - Unicode decode error: 'utf-8' codec can't decode byte 0x9f in position 0: invalid start byte, skipping this chunk
2025-08-04 17:55:06,114 - WARNING - Unicode decode error: 'utf-8' codec can't decode byte 0xaa in position 2: invalid start byte, skipping this chunk
2025-08-04 17:55:06,114 - WARNING - Unicode decode error: 'utf-8' codec can't decode byte 0xa7 in position 0: invalid start byte, skipping this chunk
2025-08-04 17:55:06,115 - WARNING - Unicode decode error: 'utf-8' codec can't decode byte 0xde in position 2: invalid continuation byte, skipping this chunk
2025-08-04 17:55:06,127 - WARNING - Unicode decode error: 'utf-8' codec can't decode byte 0xe8 in position 0: invalid continuation byte, skipping this chunk
2025-08-04 17:55:06,355 - INFO - Played audio chunk: 9600 bytes (packet #171)
2025-08-04 17:55:06,382 - WARNING - Unicode decode error: 'utf-8' codec can't decode byte 0xc2 in position 102: invalid continuation byte, skipping this chunk
2025-08-04 17:55:06,382 - WARNING - Unicode decode error: 'utf-8' codec can't decode byte 0xbd in position 0: invalid start byte, skipping this chunk
2025-08-04 17:55:06,382 - WARNING - Unicode decode error: 'utf-8' codec can't decode bytes in position 1-2: invalid continuation byte, skipping this chunk
2025-08-04 17:55:06,383 - WARNING - Unicode decode error: 'utf-8' codec can't decode byte 0x94 in position 0: invalid start byte, skipping this chunk
2025-08-04 17:55:06,383 - WARNING - Unicode decode error: 'utf-8' codec can't decode byte 0xf7 in position 0: invalid start byte, skipping this chunk
2025-08-04 17:55:06,384 - WARNING - Unicode decode error: 'utf-8' codec can't decode byte 0xc0 in position 8: invalid start byte, skipping this chunk
2025-08-04 17:55:06,385 - WARNING - Unicode decode error: 'utf-8' codec can't decode byte 0x95 in position 0: invalid start byte, skipping this chunk
2025-08-04 17:55:06,385 - WARNING - Unicode decode error: 'utf-8' codec can't decode byte 0x86 in position 0: invalid start byte, skipping this chunk
2025-08-04 17:55:06,386 - WARNING - Unicode decode error: 'utf-8' codec can't decode byte 0xff in position 1: invalid start byte, skipping this chunk
2025-08-04 17:55:06,389 - WARNING - Unicode decode error: 'utf-8' codec can't decode byte 0xfa in position 1: invalid start byte, skipping this chunk
2025-08-04 17:55:06,390 - WARNING - Unicode decode error: 'utf-8' codec can't decode byte 0xff in position 3: invalid start byte, skipping this chunk
2025-08-04 17:55:06,390 - WARNING - Unicode decode error: 'utf-8' codec can't decode byte 0xaf in position 0: invalid start byte, skipping this chunk
2025-08-04 17:55:06,393 - WARNING - Unicode decode error: 'utf-8' codec can't decode byte 0x9a in position 2: invalid start byte, skipping this chunk
2025-08-04 17:55:06,397 - WARNING - Unicode decode error: 'utf-8' codec can't decode byte 0xeb in position 1: invalid continuation byte, skipping this chunk
2025-08-04 17:55:06,397 - WARNING - Unicode decode error: 'utf-8' codec can't decode byte 0xfd in position 1: invalid start byte, skipping this chunk
2025-08-04 17:55:06,397 - WARNING - Unicode decode error: 'utf-8' codec can't decode byte 0xfb in position 2: invalid start byte, skipping this chunk
2025-08-04 17:55:06,398 - WARNING - Unicode decode error: 'utf-8' codec can't decode byte 0x9b in position 2: invalid start byte, skipping this chunk
2025-08-04 17:55:06,398 - WARNING - Unicode decode error: 'utf-8' codec can't decode byte 0xff in position 1: invalid start byte, skipping this chunk
2025-08-04 17:55:06,411 - WARNING - Unicode decode error: 'utf-8' codec can't decode byte 0xec in position 0: invalid continuation byte, skipping this chunk
2025-08-04 17:55:06,411 - WARNING - Unicode decode error: 'utf-8' codec can't decode byte 0x80 in position 8: invalid start byte, skipping this chunk
2025-08-04 17:55:07,181 - INFO - Played audio chunk: 9600 bytes (packet #172)
2025-08-04 17:55:07,181 - WARNING - Unicode decode error: 'utf-8' codec can't decode byte 0xb8 in position 102: invalid start byte, skipping this chunk
2025-08-04 17:55:07,181 - WARNING - Unicode decode error: 'utf-8' codec can't decode byte 0xb3 in position 0: invalid start byte, skipping this chunk
2025-08-04 17:55:07,181 - WARNING - Unicode decode error: 'utf-8' codec can't decode byte 0x8e in position 2: invalid start byte, skipping this chunk
2025-08-04 17:55:07,182 - WARNING - Unicode decode error: 'utf-8' codec can't decode byte 0xbe in position 0: invalid start byte, skipping this chunk
2025-08-04 17:55:07,182 - WARNING - Unicode decode error: 'utf-8' codec can't decode byte 0xb9 in position 0: invalid start byte, skipping this chunk
2025-08-04 17:55:07,182 - WARNING - Unicode decode error: 'utf-8' codec can't decode byte 0xb3 in position 2: invalid start byte, skipping this chunk
2025-08-04 17:55:07,182 - WARNING - Unicode decode error: 'utf-8' codec can't decode byte 0xe3 in position 0: invalid continuation byte, skipping this chunk
2025-08-04 17:55:07,182 - WARNING - Unicode decode error: 'utf-8' codec can't decode byte 0xdd in position 0: invalid continuation byte, skipping this chunk
2025-08-04 17:55:07,201 - WARNING - Unicode decode error: 'utf-8' codec can't decode byte 0xff in position 1: invalid start byte, skipping this chunk
2025-08-04 17:55:07,218 - WARNING - Unicode decode error: 'utf-8' codec can't decode byte 0xa7 in position 0: invalid start byte, skipping this chunk
2025-08-04 17:55:07,218 - WARNING - Unicode decode error: 'utf-8' codec can't decode byte 0xfc in position 0: invalid start byte, skipping this chunk
2025-08-04 17:55:07,218 - WARNING - Unicode decode error: 'utf-8' codec can't decode byte 0xb7 in position 0: invalid start byte, skipping this chunk
2025-08-04 17:55:07,219 - WARNING - Unicode decode error: 'utf-8' codec can't decode byte 0xfd in position 1: invalid start byte, skipping this chunk
2025-08-04 17:55:07,227 - WARNING - Unicode decode error: 'utf-8' codec can't decode byte 0xd0 in position 2: invalid continuation byte, skipping this chunk
2025-08-04 17:55:07,227 - WARNING - Unicode decode error: 'utf-8' codec can't decode byte 0x93 in position 0: invalid start byte, skipping this chunk
2025-08-04 17:55:07,391 - WARNING - Unicode decode error: 'utf-8' codec can't decode byte 0xd8 in position 102: invalid continuation byte, skipping this chunk
2025-08-04 17:55:07,391 - WARNING - Unicode decode error: 'utf-8' codec can't decode byte 0x87 in position 2: invalid start byte, skipping this chunk
2025-08-04 17:55:07,399 - WARNING - Unicode decode error: 'utf-8' codec can't decode byte 0xf0 in position 0: invalid continuation byte, skipping this chunk
2025-08-04 17:55:07,400 - WARNING - Unicode decode error: 'utf-8' codec can't decode byte 0xfe in position 0: invalid start byte, skipping this chunk
2025-08-04 17:55:07,654 - WARNING - Unicode decode error: 'utf-8' codec can't decode byte 0xff in position 102: invalid start byte, skipping this chunk
2025-08-04 17:55:07,659 - WARNING - Unicode decode error: 'utf-8' codec can't decode byte 0x8f in position 4: invalid start byte, skipping this chunk
2025-08-04 17:55:07,659 - WARNING - Unicode decode error: 'utf-8' codec can't decode byte 0xa3 in position 0: invalid start byte, skipping this chunk
2025-08-04 17:55:07,659 - WARNING - Unicode decode error: 'utf-8' codec can't decode byte 0x8c in position 0: invalid start byte, skipping this chunk
2025-08-04 17:55:07,660 - WARNING - Unicode decode error: 'utf-8' codec can't decode byte 0xc7 in position 0: invalid continuation byte, skipping this chunk
2025-08-04 17:55:07,660 - WARNING - Unicode decode error: 'utf-8' codec can't decode byte 0x87 in position 0: invalid start byte, skipping this chunk
2025-08-04 17:55:07,661 - WARNING - Unicode decode error: 'utf-8' codec can't decode byte 0xa3 in position 0: invalid start byte, skipping this chunk
2025-08-04 17:55:07,668 - WARNING - Unicode decode error: 'utf-8' codec can't decode byte 0x8c in position 0: invalid start byte, skipping this chunk
2025-08-04 17:55:07,668 - WARNING - Unicode decode error: 'utf-8' codec can't decode byte 0x89 in position 0: invalid start byte, skipping this chunk
2025-08-04 17:55:07,668 - WARNING - Unicode decode error: 'utf-8' codec can't decode byte 0xfd in position 0: invalid start byte, skipping this chunk
2025-08-04 17:55:07,669 - WARNING - Unicode decode error: 'utf-8' codec can't decode byte 0x84 in position 8: invalid start byte, skipping this chunk
2025-08-04 17:55:07,669 - WARNING - Unicode decode error: 'utf-8' codec can't decode byte 0xd8 in position 0: invalid continuation byte, skipping this chunk
2025-08-04 17:55:07,699 - WARNING - Unicode decode error: 'utf-8' codec can't decode byte 0x94 in position 102: invalid start byte, skipping this chunk
2025-08-04 17:55:07,699 - WARNING - Unicode decode error: 'utf-8' codec can't decode byte 0xa4 in position 4: invalid start byte, skipping this chunk
2025-08-04 17:55:07,700 - WARNING - Unicode decode error: 'utf-8' codec can't decode byte 0x9d in position 4: invalid start byte, skipping this chunk
2025-08-04 17:55:07,702 - WARNING - Unicode decode error: 'utf-8' codec can't decode byte 0xc3 in position 2: invalid continuation byte, skipping this chunk
2025-08-04 17:55:07,703 - WARNING - Unicode decode error: 'utf-8' codec can't decode byte 0x94 in position 4: invalid start byte, skipping this chunk
2025-08-04 17:55:07,703 - WARNING - Unicode decode error: 'utf-8' codec can't decode byte 0xd2 in position 9: invalid continuation byte, skipping this chunk
2025-08-04 17:55:07,703 - WARNING - Unicode decode error: 'utf-8' codec can't decode byte 0xca in position 1: invalid continuation byte, skipping this chunk
2025-08-04 17:55:07,918 - INFO - Played audio chunk: 9600 bytes (packet #173)
2025-08-04 17:55:07,953 - WARNING - Unicode decode error: 'utf-8' codec can't decode byte 0xbc in position 102: invalid start byte, skipping this chunk
2025-08-04 17:55:07,954 - WARNING - Unicode decode error: 'utf-8' codec can't decode byte 0xb2 in position 0: invalid start byte, skipping this chunk
2025-08-04 17:55:07,954 - WARNING - Unicode decode error: 'utf-8' codec can't decode byte 0xf8 in position 1: invalid start byte, skipping this chunk
2025-08-04 17:55:07,954 - WARNING - Unicode decode error: 'utf-8' codec can't decode byte 0xa0 in position 0: invalid start byte, skipping this chunk
2025-08-04 17:55:07,955 - WARNING - Unicode decode error: 'utf-8' codec can't decode byte 0xf6 in position 1: invalid start byte, skipping this chunk
2025-08-04 17:55:07,955 - WARNING - Unicode decode error: 'utf-8' codec can't decode byte 0xef in position 0: invalid continuation byte, skipping this chunk
2025-08-04 17:55:07,956 - WARNING - Unicode decode error: 'utf-8' codec can't decode byte 0x9d in position 0: invalid start byte, skipping this chunk
2025-08-04 17:55:07,962 - WARNING - Unicode decode error: 'utf-8' codec can't decode byte 0xb0 in position 0: invalid start byte, skipping this chunk
2025-08-04 17:55:07,963 - WARNING - Unicode decode error: 'utf-8' codec can't decode byte 0xfa in position 0: invalid start byte, skipping this chunk
2025-08-04 17:55:07,963 - WARNING - Unicode decode error: 'utf-8' codec can't decode byte 0xda in position 0: invalid continuation byte, skipping this chunk
2025-08-04 17:55:07,964 - WARNING - Unicode decode error: 'utf-8' codec can't decode byte 0xdb in position 2: invalid continuation byte, skipping this chunk
2025-08-04 17:55:07,965 - WARNING - Unicode decode error: 'utf-8' codec can't decode byte 0xfe in position 1: invalid start byte, skipping this chunk
2025-08-04 17:55:08,218 - INFO - Played audio chunk: 9600 bytes (packet #174)
2025-08-04 17:55:08,218 - WARNING - Unicode decode error: 'utf-8' codec can't decode byte 0xb7 in position 102: invalid start byte, skipping this chunk
2025-08-04 17:55:08,219 - WARNING - Unicode decode error: 'utf-8' codec can't decode byte 0x8b in position 0: invalid start byte, skipping this chunk
2025-08-04 17:55:08,219 - WARNING - Unicode decode error: 'utf-8' codec can't decode byte 0xdb in position 0: invalid continuation byte, skipping this chunk
2025-08-04 17:55:08,220 - WARNING - Unicode decode error: 'utf-8' codec can't decode byte 0xe3 in position 0: invalid continuation byte, skipping this chunk
2025-08-04 17:55:08,220 - WARNING - Unicode decode error: 'utf-8' codec can't decode byte 0xfe in position 1: invalid start byte, skipping this chunk
2025-08-04 17:55:08,221 - WARNING - Unicode decode error: 'utf-8' codec can't decode byte 0xa5 in position 2: invalid start byte, skipping this chunk
2025-08-04 17:55:08,221 - WARNING - Unicode decode error: 'utf-8' codec can't decode byte 0xff in position 1: invalid start byte, skipping this chunk
2025-08-04 17:55:08,222 - WARNING - Unicode decode error: 'utf-8' codec can't decode byte 0x91 in position 2: invalid start byte, skipping this chunk
2025-08-04 17:55:08,243 - WARNING - Unicode decode error: 'utf-8' codec can't decode byte 0x88 in position 0: invalid start byte, skipping this chunk
2025-08-04 17:55:08,252 - WARNING - Unicode decode error: 'utf-8' codec can't decode byte 0xca in position 20: invalid continuation byte, skipping this chunk
2025-08-04 17:55:08,253 - WARNING - Unicode decode error: 'utf-8' codec can't decode byte 0xfb in position 1: invalid start byte, skipping this chunk
2025-08-04 17:55:08,253 - WARNING - Unicode decode error: 'utf-8' codec can't decode byte 0x87 in position 2: invalid start byte, skipping this chunk
2025-08-04 17:55:08,254 - WARNING - Unicode decode error: 'utf-8' codec can't decode byte 0xc0 in position 2: invalid start byte, skipping this chunk
2025-08-04 17:55:08,723 - INFO - Played audio chunk: 9600 bytes (packet #175)
2025-08-04 17:55:08,723 - WARNING - Unicode decode error: 'utf-8' codec can't decode byte 0xa7 in position 102: invalid start byte, skipping this chunk
2025-08-04 17:55:08,724 - WARNING - Unicode decode error: 'utf-8' codec can't decode byte 0x8d in position 0: invalid start byte, skipping this chunk
2025-08-04 17:55:08,729 - WARNING - Unicode decode error: 'utf-8' codec can't decode byte 0xfc in position 6: invalid start byte, skipping this chunk
2025-08-04 17:55:08,730 - WARNING - Unicode decode error: 'utf-8' codec can't decode byte 0xca in position 8: invalid continuation byte, skipping this chunk
2025-08-04 17:55:08,755 - WARNING - Unicode decode error: 'utf-8' codec can't decode byte 0xff in position 1: invalid start byte, skipping this chunk
2025-08-04 17:55:08,768 - WARNING - Unicode decode error: 'utf-8' codec can't decode byte 0xa7 in position 6: invalid start byte, skipping this chunk
2025-08-04 17:55:08,769 - WARNING - Unicode decode error: 'utf-8' codec can't decode byte 0xd2 in position 10: invalid continuation byte, skipping this chunk
2025-08-04 17:55:08,769 - WARNING - Unicode decode error: 'utf-8' codec can't decode byte 0xa7 in position 4: invalid start byte, skipping this chunk
2025-08-04 17:55:08,770 - WARNING - Unicode decode error: 'utf-8' codec can't decode byte 0xff in position 1: invalid start byte, skipping this chunk
2025-08-04 17:55:08,773 - WARNING - Unicode decode error: 'utf-8' codec can't decode byte 0xff in position 1: invalid start byte, skipping this chunk
2025-08-04 17:55:08,774 - WARNING - Unicode decode error: 'utf-8' codec can't decode byte 0xa3 in position 2: invalid start byte, skipping this chunk
2025-08-04 17:55:08,938 - WARNING - Unicode decode error: 'utf-8' codec can't decode byte 0xc0 in position 0: invalid start byte, skipping this chunk
2025-08-04 17:55:08,947 - WARNING - Unicode decode error: 'utf-8' codec can't decode byte 0xa1 in position 0: invalid start byte, skipping this chunk
2025-08-04 17:55:08,948 - WARNING - Unicode decode error: 'utf-8' codec can't decode byte 0xb5 in position 2: invalid start byte, skipping this chunk
2025-08-04 17:55:08,952 - WARNING - Unicode decode error: 'utf-8' codec can't decode byte 0xbf in position 0: invalid start byte, skipping this chunk
2025-08-04 17:55:08,953 - WARNING - Unicode decode error: 'utf-8' codec can't decode byte 0xed in position 0: invalid continuation byte, skipping this chunk
2025-08-04 17:55:08,957 - WARNING - Unicode decode error: 'utf-8' codec can't decode byte 0xfe in position 1: invalid start byte, skipping this chunk
2025-08-04 17:55:08,958 - WARNING - Unicode decode error: 'utf-8' codec can't decode byte 0xcd in position 4: invalid continuation byte, skipping this chunk
2025-08-04 17:55:08,959 - WARNING - Unicode decode error: 'utf-8' codec can't decode byte 0xff in position 1: invalid start byte, skipping this chunk
2025-08-04 17:55:08,960 - WARNING - Unicode decode error: 'utf-8' codec can't decode byte 0xb3 in position 0: invalid start byte, skipping this chunk
2025-08-04 17:55:08,961 - WARNING - Unicode decode error: 'utf-8' codec can't decode byte 0xc6 in position 0: invalid continuation byte, skipping this chunk
2025-08-04 17:55:08,962 - WARNING - Unicode decode error: 'utf-8' codec can't decode byte 0xff in position 1: invalid start byte, skipping this chunk
2025-08-04 17:55:08,964 - WARNING - Unicode decode error: 'utf-8' codec can't decode byte 0xff in position 1: invalid start byte, skipping this chunk
2025-08-04 17:55:08,971 - WARNING - Unicode decode error: 'utf-8' codec can't decode byte 0x8a in position 0: invalid start byte, skipping this chunk
2025-08-04 17:55:08,973 - WARNING - Unicode decode error: 'utf-8' codec can't decode byte 0x8f in position 0: invalid start byte, skipping this chunk
2025-08-04 17:55:08,974 - WARNING - Unicode decode error: 'utf-8' codec can't decode byte 0xfa in position 4: invalid start byte, skipping this chunk
2025-08-04 17:55:08,975 - WARNING - Unicode decode error: 'utf-8' codec can't decode byte 0xf5 in position 2: invalid start byte, skipping this chunk
2025-08-04 17:55:08,976 - WARNING - Unicode decode error: 'utf-8' codec can't decode byte 0xa2 in position 0: invalid start byte, skipping this chunk
2025-08-04 17:55:08,983 - WARNING - Unicode decode error: 'utf-8' codec can't decode byte 0x84 in position 4: invalid start byte, skipping this chunk
2025-08-04 17:55:08,984 - WARNING - Unicode decode error: 'utf-8' codec can't decode byte 0xbf in position 0: invalid start byte, skipping this chunk
2025-08-04 17:55:08,985 - WARNING - Unicode decode error: 'utf-8' codec can't decode byte 0xa8 in position 6: invalid start byte, skipping this chunk
2025-08-04 17:55:08,986 - WARNING - Unicode decode error: 'utf-8' codec can't decode byte 0xa5 in position 0: invalid start byte, skipping this chunk
2025-08-04 17:55:08,997 - WARNING - Unicode decode error: 'utf-8' codec can't decode byte 0xff in position 1: invalid start byte, skipping this chunk
2025-08-04 17:55:08,998 - WARNING - Unicode decode error: 'utf-8' codec can't decode byte 0xcc in position 0: invalid continuation byte, skipping this chunk
2025-08-04 17:55:08,998 - WARNING - Unicode decode error: 'utf-8' codec can't decode byte 0xfe in position 1: invalid start byte, skipping this chunk
2025-08-04 17:55:09,001 - WARNING - Unicode decode error: 'utf-8' codec can't decode byte 0x8d in position 4: invalid start byte, skipping this chunk
2025-08-04 17:55:09,049 - WARNING - Unicode decode error: 'utf-8' codec can't decode byte 0xfe in position 103: invalid start byte, skipping this chunk
2025-08-04 17:55:09,049 - WARNING - Unicode decode error: 'utf-8' codec can't decode byte 0xfb in position 4: invalid start byte, skipping this chunk
2025-08-04 17:55:09,054 - WARNING - Unicode decode error: 'utf-8' codec can't decode byte 0xff in position 1: invalid start byte, skipping this chunk
2025-08-04 17:55:09,055 - WARNING - Unicode decode error: 'utf-8' codec can't decode byte 0xb0 in position 0: invalid start byte, skipping this chunk
2025-08-04 17:55:09,059 - WARNING - Unicode decode error: 'utf-8' codec can't decode byte 0xe8 in position 0: invalid continuation byte, skipping this chunk
2025-08-04 17:55:09,261 - INFO - Played audio chunk: 9600 bytes (packet #176)
2025-08-04 17:55:09,261 - WARNING - Unicode decode error: 'utf-8' codec can't decode byte 0xf8 in position 103: invalid start byte, skipping this chunk
2025-08-04 17:55:09,262 - WARNING - Unicode decode error: 'utf-8' codec can't decode byte 0xab in position 4: invalid start byte, skipping this chunk
2025-08-04 17:55:09,263 - WARNING - Unicode decode error: 'utf-8' codec can't decode byte 0xdd in position 0: invalid continuation byte, skipping this chunk
2025-08-04 17:55:09,266 - WARNING - Unicode decode error: 'utf-8' codec can't decode byte 0xf4 in position 1: invalid continuation byte, skipping this chunk
2025-08-04 17:55:09,267 - WARNING - Unicode decode error: 'utf-8' codec can't decode byte 0xcb in position 0: invalid continuation byte, skipping this chunk
2025-08-04 17:55:09,268 - WARNING - Unicode decode error: 'utf-8' codec can't decode byte 0xfe in position 1: invalid start byte, skipping this chunk
2025-08-04 17:55:09,278 - WARNING - Unicode decode error: 'utf-8' codec can't decode byte 0xd8 in position 2: invalid continuation byte, skipping this chunk
2025-08-04 17:55:09,279 - WARNING - Unicode decode error: 'utf-8' codec can't decode byte 0xf3 in position 6: invalid continuation byte, skipping this chunk
2025-08-04 17:55:09,470 - INFO - Played audio chunk: 9600 bytes (packet #177)
2025-08-04 17:55:09,470 - WARNING - Unicode decode error: 'utf-8' codec can't decode byte 0x83 in position 102: invalid start byte, skipping this chunk
2025-08-04 17:55:09,471 - WARNING - Unicode decode error: 'utf-8' codec can't decode byte 0xe5 in position 0: invalid continuation byte, skipping this chunk
2025-08-04 17:55:09,472 - WARNING - Unicode decode error: 'utf-8' codec can't decode byte 0xf1 in position 1: invalid continuation byte, skipping this chunk
2025-08-04 17:55:09,479 - WARNING - Unicode decode error: 'utf-8' codec can't decode byte 0xfe in position 5: invalid start byte, skipping this chunk
2025-08-04 17:55:09,479 - WARNING - Unicode decode error: 'utf-8' codec can't decode byte 0xf8 in position 2: invalid start byte, skipping this chunk
2025-08-04 17:55:09,501 - WARNING - Unicode decode error: 'utf-8' codec can't decode byte 0xde in position 0: invalid continuation byte, skipping this chunk
2025-08-04 17:55:09,501 - WARNING - Unicode decode error: 'utf-8' codec can't decode byte 0xf5 in position 1: invalid start byte, skipping this chunk
2025-08-04 17:55:09,733 - INFO - Played audio chunk: 9600 bytes (packet #178)
2025-08-04 17:55:09,733 - WARNING - Unicode decode error: 'utf-8' codec can't decode byte 0x90 in position 102: invalid start byte, skipping this chunk
2025-08-04 17:55:09,742 - WARNING - Unicode decode error: 'utf-8' codec can't decode byte 0xfa in position 1: invalid start byte, skipping this chunk
2025-08-04 17:55:09,742 - WARNING - Unicode decode error: 'utf-8' codec can't decode byte 0xc9 in position 4: invalid continuation byte, skipping this chunk
2025-08-04 17:55:09,743 - WARNING - Unicode decode error: 'utf-8' codec can't decode byte 0xe7 in position 0: invalid continuation byte, skipping this chunk
2025-08-04 17:55:09,750 - WARNING - Unicode decode error: 'utf-8' codec can't decode byte 0xae in position 0: invalid start byte, skipping this chunk
2025-08-04 17:55:09,910 - WARNING - Unicode decode error: 'utf-8' codec can't decode byte 0xfe in position 1: invalid start byte, skipping this chunk
2025-08-04 17:55:09,912 - WARNING - Unicode decode error: 'utf-8' codec can't decode byte 0xc8 in position 0: invalid continuation byte, skipping this chunk
2025-08-04 17:55:09,912 - WARNING - Unicode decode error: 'utf-8' codec can't decode byte 0x8b in position 0: invalid start byte, skipping this chunk
2025-08-04 17:55:09,924 - WARNING - Unicode decode error: 'utf-8' codec can't decode byte 0xe1 in position 0: invalid continuation byte, skipping this chunk
2025-08-04 17:55:09,924 - WARNING - Unicode decode error: 'utf-8' codec can't decode byte 0xfd in position 1: invalid start byte, skipping this chunk
2025-08-04 17:55:09,925 - WARNING - Unicode decode error: 'utf-8' codec can't decode byte 0xfd in position 1: invalid start byte, skipping this chunk
2025-08-04 17:55:09,925 - WARNING - Unicode decode error: 'utf-8' codec can't decode byte 0x80 in position 0: invalid start byte, skipping this chunk
2025-08-04 17:55:09,926 - WARNING - Unicode decode error: 'utf-8' codec can't decode byte 0xfa in position 103: invalid start byte, skipping this chunk
2025-08-04 17:55:09,926 - WARNING - Unicode decode error: 'utf-8' codec can't decode byte 0xbf in position 0: invalid start byte, skipping this chunk
2025-08-04 17:55:09,927 - WARNING - Unicode decode error: 'utf-8' codec can't decode byte 0xc3 in position 6: invalid continuation byte, skipping this chunk
2025-08-04 17:55:09,927 - WARNING - Unicode decode error: 'utf-8' codec can't decode byte 0x97 in position 0: invalid start byte, skipping this chunk
2025-08-04 17:55:09,931 - WARNING - Unicode decode error: 'utf-8' codec can't decode byte 0xff in position 1: invalid start byte, skipping this chunk
2025-08-04 17:55:09,964 - WARNING - Unicode decode error: 'utf-8' codec can't decode byte 0xa6 in position 4: invalid start byte, skipping this chunk
2025-08-04 17:55:09,968 - WARNING - Unicode decode error: 'utf-8' codec can't decode byte 0xbb in position 0: invalid start byte, skipping this chunk
2025-08-04 17:55:09,968 - WARNING - Unicode decode error: 'utf-8' codec can't decode byte 0x8a in position 14: invalid start byte, skipping this chunk
2025-08-04 17:55:09,968 - WARNING - Unicode decode error: 'utf-8' codec can't decode byte 0xb3 in position 0: invalid start byte, skipping this chunk
2025-08-04 17:55:09,968 - WARNING - Unicode decode error: 'utf-8' codec can't decode byte 0x84 in position 6: invalid start byte, skipping this chunk
2025-08-04 17:55:10,181 - INFO - Played audio chunk: 9600 bytes (packet #179)
2025-08-04 17:55:10,181 - WARNING - Unicode decode error: 'utf-8' codec can't decode byte 0xaa in position 104: invalid start byte, skipping this chunk
2025-08-04 17:55:10,181 - WARNING - Unicode decode error: 'utf-8' codec can't decode byte 0xfe in position 1: invalid start byte, skipping this chunk
2025-08-04 17:55:10,181 - WARNING - Unicode decode error: 'utf-8' codec can't decode byte 0xc2 in position 0: invalid continuation byte, skipping this chunk
2025-08-04 17:55:10,182 - WARNING - Unicode decode error: 'utf-8' codec can't decode byte 0xfe in position 1: invalid start byte, skipping this chunk
2025-08-04 17:55:10,183 - WARNING - Unicode decode error: 'utf-8' codec can't decode byte 0xfb in position 16: invalid start byte, skipping this chunk
2025-08-04 17:55:10,183 - WARNING - Unicode decode error: 'utf-8' codec can't decode byte 0xcc in position 0: invalid continuation byte, skipping this chunk
2025-08-04 17:55:10,184 - WARNING - Unicode decode error: 'utf-8' codec can't decode byte 0xfe in position 1: invalid start byte, skipping this chunk
2025-08-04 17:55:10,184 - WARNING - Unicode decode error: 'utf-8' codec can't decode byte 0xff in position 1: invalid start byte, skipping this chunk
2025-08-04 17:55:10,654 - INFO - Played audio chunk: 9600 bytes (packet #180)
2025-08-04 17:55:10,654 - WARNING - Unicode decode error: 'utf-8' codec can't decode byte 0x9a in position 104: invalid start byte, skipping this chunk
2025-08-04 17:55:10,654 - WARNING - Unicode decode error: 'utf-8' codec can't decode byte 0xe3 in position 0: invalid continuation byte, skipping this chunk
2025-08-04 17:55:10,663 - WARNING - Unicode decode error: 'utf-8' codec can't decode byte 0xa7 in position 0: invalid start byte, skipping this chunk
2025-08-04 17:55:10,664 - WARNING - Unicode decode error: 'utf-8' codec can't decode byte 0x8b in position 2: invalid start byte, skipping this chunk
2025-08-04 17:55:10,664 - WARNING - Unicode decode error: 'utf-8' codec can't decode byte 0xd0 in position 0: invalid continuation byte, skipping this chunk
2025-08-04 17:55:10,664 - WARNING - Unicode decode error: 'utf-8' codec can't decode byte 0x9c in position 0: invalid start byte, skipping this chunk
2025-08-04 17:55:10,664 - WARNING - Unicode decode error: 'utf-8' codec can't decode byte 0xf9 in position 2: invalid start byte, skipping this chunk
2025-08-04 17:55:10,664 - WARNING - Unicode decode error: 'utf-8' codec can't decode byte 0xe5 in position 0: invalid continuation byte, skipping this chunk
2025-08-04 17:55:10,706 - WARNING - Unicode decode error: 'utf-8' codec can't decode byte 0xf6 in position 1: invalid start byte, skipping this chunk
2025-08-04 17:55:10,709 - WARNING - Unicode decode error: 'utf-8' codec can't decode byte 0xf8 in position 1: invalid start byte, skipping this chunk
2025-08-04 17:55:10,710 - WARNING - Unicode decode error: 'utf-8' codec can't decode byte 0xff in position 3: invalid start byte, skipping this chunk
2025-08-04 17:55:10,711 - WARNING - Unicode decode error: 'utf-8' codec can't decode byte 0xbe in position 0: invalid start byte, skipping this chunk
2025-08-04 17:55:10,712 - WARNING - Unicode decode error: 'utf-8' codec can't decode byte 0xe9 in position 1: invalid continuation byte, skipping this chunk
2025-08-04 17:55:10,713 - WARNING - Unicode decode error: 'utf-8' codec can't decode byte 0xcf in position 0: invalid continuation byte, skipping this chunk
2025-08-04 17:55:10,714 - WARNING - Unicode decode error: 'utf-8' codec can't decode byte 0xf6 in position 2: invalid start byte, skipping this chunk
2025-08-04 17:55:10,715 - WARNING - Unicode decode error: 'utf-8' codec can't decode byte 0xd0 in position 8: invalid continuation byte, skipping this chunk
2025-08-04 17:55:10,741 - WARNING - Unicode decode error: 'utf-8' codec can't decode byte 0xfe in position 1: invalid start byte, skipping this chunk
2025-08-04 17:55:10,742 - WARNING - Unicode decode error: 'utf-8' codec can't decode byte 0xd1 in position 0: invalid continuation byte, skipping this chunk
2025-08-04 17:55:10,751 - WARNING - Unicode decode error: 'utf-8' codec can't decode byte 0xe8 in position 0: invalid continuation byte, skipping this chunk
2025-08-04 17:55:10,751 - WARNING - Unicode decode error: 'utf-8' codec can't decode byte 0xb8 in position 0: invalid start byte, skipping this chunk
2025-08-04 17:55:10,751 - WARNING - Unicode decode error: 'utf-8' codec can't decode byte 0xf4 in position 1: invalid continuation byte, skipping this chunk
2025-08-04 17:55:10,752 - WARNING - Unicode decode error: 'utf-8' codec can't decode byte 0xbd in position 0: invalid start byte, skipping this chunk
2025-08-04 17:55:10,752 - WARNING - Unicode decode error: 'utf-8' codec can't decode byte 0x98 in position 0: invalid start byte, skipping this chunk
2025-08-04 17:55:10,753 - WARNING - Unicode decode error: 'utf-8' codec can't decode byte 0xba in position 0: invalid start byte, skipping this chunk
2025-08-04 17:55:10,757 - WARNING - Unicode decode error: 'utf-8' codec can't decode byte 0x93 in position 4: invalid start byte, skipping this chunk
2025-08-04 17:55:10,841 - INFO - Played audio chunk: 9600 bytes (packet #181)
2025-08-04 17:55:10,994 - INFO - Played audio chunk: 9600 bytes (packet #182)
2025-08-04 17:55:11,083 - INFO - Played audio chunk: 9600 bytes (packet #183)
2025-08-04 17:55:11,191 - INFO - Played audio chunk: 9600 bytes (packet #184)
2025-08-04 17:55:11,291 - INFO - Played audio chunk: 9600 bytes (packet #185)
2025-08-04 17:55:11,291 - WARNING - Unicode decode error: 'utf-8' codec can't decode byte 0x9a in position 102: invalid start byte, skipping this chunk
2025-08-04 17:55:11,292 - WARNING - Unicode decode error: 'utf-8' codec can't decode byte 0x9a in position 0: invalid start byte, skipping this chunk
2025-08-04 17:55:11,293 - WARNING - Unicode decode error: 'utf-8' codec can't decode byte 0xc8 in position 8: invalid continuation byte, skipping this chunk
2025-08-04 17:55:11,294 - WARNING - Unicode decode error: 'utf-8' codec can't decode byte 0x87 in position 0: invalid start byte, skipping this chunk
2025-08-04 17:55:11,324 - WARNING - Unicode decode error: 'utf-8' codec can't decode byte 0xa4 in position 0: invalid start byte, skipping this chunk
2025-08-04 17:55:11,325 - WARNING - Unicode decode error: 'utf-8' codec can't decode byte 0xe1 in position 0: invalid continuation byte, skipping this chunk
2025-08-04 17:55:11,327 - WARNING - Unicode decode error: 'utf-8' codec can't decode byte 0xad in position 0: invalid start byte, skipping this chunk
2025-08-04 17:55:11,327 - WARNING - Unicode decode error: 'utf-8' codec can't decode byte 0xfb in position 2: invalid start byte, skipping this chunk
2025-08-04 17:55:11,451 - INFO - Played audio chunk: 9600 bytes (packet #186)
2025-08-04 17:55:14,506 - INFO - Stats - Packets received: 186, Total bytes played: 1785600
2025-08-04 17:55:24,507 - INFO - Stats - Packets received: 186, Total bytes played: 1785600
2025-08-04 17:55:28,945 - INFO - Shutdown requested by user
2025-08-04 17:55:28,946 - INFO - Starting cleanup...
2025-08-04 17:55:28,946 - INFO - Disabling audio stream...
2025-08-04 17:55:28,946 - INFO - Audio stream disable command sent
2025-08-04 17:55:28,946 - INFO - Stopping audio stream...
2025-08-04 17:55:28,947 - INFO - Terminating PyAudio...
2025-08-04 17:55:28,949 - INFO - Closing client socket...
2025-08-04 17:55:28,949 - INFO - Closing server socket...
2025-08-04 17:55:28,950 - INFO - Final stats - Packets received: 186, Total bytes played: 1785600
2025-08-04 17:55:28,950 - INFO - Cleanup completed
2025-08-04 17:55:34,465 - INFO - Pepper Robot Audio Stream Receiver
2025-08-04 17:55:34,466 - INFO - ==================================
2025-08-04 17:55:34,466 - INFO - Robot IP: 10.234.7.18
2025-08-04 17:55:34,466 - INFO - Listening on: 0.0.0.0:3456
2025-08-04 17:55:34,466 - INFO - Log level: INFO
2025-08-04 17:55:34,466 - INFO - Audio config - Sample rate: 48000, Channels: 1, Chunk size: 4800
2025-08-04 17:55:34,499 - INFO - Starting audio stream receiver...
2025-08-04 17:55:34,499 - INFO - Starting server on 0.0.0.0:3456
2025-08-04 17:55:34,499 - INFO - Server listening on 0.0.0.0:3456
2025-08-04 17:55:34,499 - INFO - Waiting for Pepper robot to connect...
2025-08-04 17:55:39,502 - INFO - Connected to Pepper robot at: ('10.234.7.18', 35176)
2025-08-04 17:55:39,502 - INFO - Setting up audio playback...
2025-08-04 17:55:39,502 - INFO - Using default output device: default
2025-08-04 17:55:39,502 - INFO - Device sample rate: 44100.0
2025-08-04 17:55:39,502 - INFO - Device channels: 64
2025-08-04 17:55:39,514 - INFO - Audio playback stream initialized successfully
2025-08-04 17:55:39,514 - INFO - Audio stream is active and ready
2025-08-04 17:55:39,514 - INFO - Starting receive thread...
2025-08-04 17:55:39,515 - INFO - Audio receive thread started
2025-08-04 17:55:39,515 - INFO - Waiting for connection to stabilize...
2025-08-04 17:55:40,516 - INFO - Audio stream enable command sent
2025-08-04 17:55:40,516 - INFO - Audio streaming started. Press Ctrl+C to stop...
2025-08-04 17:55:40,848 - INFO - Played audio chunk: 9600 bytes (packet #1)
2025-08-04 17:55:40,848 - WARNING - Unicode decode error: 'utf-8' codec can't decode byte 0xfa in position 102: invalid start byte, skipping this chunk
2025-08-04 17:55:40,852 - WARNING - Unicode decode error: 'utf-8' codec can't decode byte 0xfd in position 1: invalid start byte, skipping this chunk
2025-08-04 17:55:40,852 - WARNING - Unicode decode error: 'utf-8' codec can't decode byte 0xfa in position 1: invalid start byte, skipping this chunk
2025-08-04 17:55:40,945 - WARNING - Unicode decode error: 'utf-8' codec can't decode byte 0xfc in position 1: invalid start byte, skipping this chunk
2025-08-04 17:55:41,055 - WARNING - Unicode decode error: 'utf-8' codec can't decode byte 0x9c in position 0: invalid start byte, skipping this chunk
2025-08-04 17:55:41,055 - WARNING - Unicode decode error: 'utf-8' codec can't decode byte 0xe0 in position 0: invalid continuation byte, skipping this chunk
2025-08-04 17:55:41,055 - WARNING - Unicode decode error: 'utf-8' codec can't decode byte 0xfd in position 1: invalid start byte, skipping this chunk
2025-08-04 17:55:41,056 - WARNING - Unicode decode error: 'utf-8' codec can't decode byte 0xdb in position 0: invalid continuation byte, skipping this chunk
2025-08-04 17:55:41,056 - WARNING - Unicode decode error: 'utf-8' codec can't decode byte 0x8f in position 2: invalid start byte, skipping this chunk
2025-08-04 17:55:41,057 - WARNING - Unicode decode error: 'utf-8' codec can't decode byte 0xc3 in position 0: invalid continuation byte, skipping this chunk
2025-08-04 17:55:41,057 - WARNING - Unicode decode error: 'utf-8' codec can't decode byte 0x84 in position 2: invalid start byte, skipping this chunk
2025-08-04 17:55:41,066 - WARNING - Unicode decode error: 'utf-8' codec can't decode byte 0xfd in position 1: invalid start byte, skipping this chunk
2025-08-04 17:55:41,072 - WARNING - Unicode decode error: 'utf-8' codec can't decode byte 0xaf in position 0: invalid start byte, skipping this chunk
2025-08-04 17:55:41,106 - WARNING - Unicode decode error: 'utf-8' codec can't decode byte 0xe2 in position 18: invalid continuation byte, skipping this chunk
2025-08-04 17:55:41,107 - WARNING - Unicode decode error: 'utf-8' codec can't decode byte 0xe1 in position 0: invalid continuation byte, skipping this chunk
2025-08-04 17:55:41,107 - WARNING - Unicode decode error: 'utf-8' codec can't decode byte 0xc0 in position 0: invalid start byte, skipping this chunk
2025-08-04 17:55:41,107 - WARNING - Unicode decode error: 'utf-8' codec can't decode byte 0xf6 in position 0: invalid start byte, skipping this chunk
2025-08-04 17:55:41,107 - WARNING - Unicode decode error: 'utf-8' codec can't decode byte 0x9a in position 6: invalid start byte, skipping this chunk
2025-08-04 17:55:41,111 - WARNING - Unicode decode error: 'utf-8' codec can't decode byte 0xe4 in position 0: invalid continuation byte, skipping this chunk
2025-08-04 17:55:41,114 - WARNING - Unicode decode error: 'utf-8' codec can't decode byte 0xf9 in position 6: invalid start byte, skipping this chunk
2025-08-04 17:55:41,114 - WARNING - Unicode decode error: 'utf-8' codec can't decode byte 0xfc in position 1: invalid start byte, skipping this chunk
2025-08-04 17:55:41,114 - WARNING - Unicode decode error: 'utf-8' codec can't decode byte 0xc6 in position 0: invalid continuation byte, skipping this chunk
2025-08-04 17:55:41,115 - WARNING - Unicode decode error: 'utf-8' codec can't decode byte 0x8a in position 0: invalid start byte, skipping this chunk
2025-08-04 17:55:41,326 - INFO - Played audio chunk: 9600 bytes (packet #2)
2025-08-04 17:55:41,326 - WARNING - Unicode decode error: 'utf-8' codec can't decode byte 0xc9 in position 102: invalid continuation byte, skipping this chunk
2025-08-04 17:55:41,326 - WARNING - Unicode decode error: 'utf-8' codec can't decode byte 0xc0 in position 2: invalid start byte, skipping this chunk
2025-08-04 17:55:41,326 - WARNING - Unicode decode error: 'utf-8' codec can't decode byte 0x9d in position 0: invalid start byte, skipping this chunk
2025-08-04 17:55:41,332 - WARNING - Unicode decode error: 'utf-8' codec can't decode byte 0xe5 in position 0: invalid continuation byte, skipping this chunk
2025-08-04 17:55:41,332 - WARNING - Unicode decode error: 'utf-8' codec can't decode byte 0xf2 in position 0: invalid continuation byte, skipping this chunk
2025-08-04 17:55:41,337 - WARNING - Unicode decode error: 'utf-8' codec can't decode byte 0xe3 in position 0: invalid continuation byte, skipping this chunk
2025-08-04 17:55:41,337 - WARNING - Unicode decode error: 'utf-8' codec can't decode byte 0x90 in position 4: invalid start byte, skipping this chunk
2025-08-04 17:55:41,347 - WARNING - Unicode decode error: 'utf-8' codec can't decode byte 0x8c in position 2: invalid start byte, skipping this chunk
2025-08-04 17:55:41,604 - INFO - Played audio chunk: 9600 bytes (packet #3)
2025-08-04 17:55:41,604 - WARNING - Unicode decode error: 'utf-8' codec can't decode byte 0xff in position 103: invalid start byte, skipping this chunk
2025-08-04 17:55:41,604 - WARNING - Unicode decode error: 'utf-8' codec can't decode byte 0xbc in position 4: invalid start byte, skipping this chunk
2025-08-04 17:55:41,605 - WARNING - Unicode decode error: 'utf-8' codec can't decode byte 0xe3 in position 0: invalid continuation byte, skipping this chunk
2025-08-04 17:55:41,605 - WARNING - Unicode decode error: 'utf-8' codec can't decode byte 0xfe in position 1: invalid start byte, skipping this chunk
2025-08-04 17:55:41,606 - WARNING - Unicode decode error: 'utf-8' codec can't decode byte 0xfd in position 1: invalid start byte, skipping this chunk
2025-08-04 17:55:41,618 - WARNING - Unicode decode error: 'utf-8' codec can't decode byte 0xc9 in position 4: invalid continuation byte, skipping this chunk
2025-08-04 17:55:41,657 - WARNING - Unicode decode error: 'utf-8' codec can't decode byte 0xd6 in position 2: invalid continuation byte, skipping this chunk
2025-08-04 17:55:41,657 - WARNING - Unicode decode error: 'utf-8' codec can't decode byte 0xff in position 1: invalid start byte, skipping this chunk
2025-08-04 17:55:41,658 - WARNING - Unicode decode error: 'utf-8' codec can't decode byte 0x80 in position 0: invalid start byte, skipping this chunk
2025-08-04 17:55:41,659 - WARNING - Unicode decode error: 'utf-8' codec can't decode byte 0xaf in position 4: invalid start byte, skipping this chunk
2025-08-04 17:55:41,664 - WARNING - Unicode decode error: 'utf-8' codec can't decode byte 0xe2 in position 0: invalid continuation byte, skipping this chunk
2025-08-04 17:55:41,664 - WARNING - Unicode decode error: 'utf-8' codec can't decode byte 0xfe in position 1: invalid start byte, skipping this chunk
2025-08-04 17:55:41,664 - WARNING - Unicode decode error: 'utf-8' codec can't decode byte 0xa3 in position 8: invalid start byte, skipping this chunk
2025-08-04 17:55:41,669 - WARNING - Unicode decode error: 'utf-8' codec can't decode byte 0xbc in position 6: invalid start byte, skipping this chunk
2025-08-04 17:55:41,681 - WARNING - Unicode decode error: 'utf-8' codec can't decode byte 0xf6 in position 0: invalid start byte, skipping this chunk
2025-08-04 17:55:41,687 - WARNING - Unicode decode error: 'utf-8' codec can't decode byte 0xff in position 1: invalid start byte, skipping this chunk
2025-08-04 17:55:41,687 - WARNING - Unicode decode error: 'utf-8' codec can't decode byte 0xf4 in position 2: invalid continuation byte, skipping this chunk
2025-08-04 17:55:41,687 - WARNING - Unicode decode error: 'utf-8' codec can't decode byte 0xe8 in position 0: invalid continuation byte, skipping this chunk
2025-08-04 17:55:41,688 - WARNING - Unicode decode error: 'utf-8' codec can't decode byte 0xfc in position 1: invalid start byte, skipping this chunk
2025-08-04 17:55:41,852 - WARNING - Unicode decode error: 'utf-8' codec can't decode byte 0x82 in position 108: invalid start byte, skipping this chunk
2025-08-04 17:55:41,852 - WARNING - Unicode decode error: 'utf-8' codec can't decode byte 0xff in position 0: invalid start byte, skipping this chunk
2025-08-04 17:55:41,853 - WARNING - Unicode decode error: 'utf-8' codec can't decode byte 0x95 in position 0: invalid start byte, skipping this chunk
2025-08-04 17:55:41,853 - WARNING - Unicode decode error: 'utf-8' codec can't decode byte 0xfe in position 1: invalid start byte, skipping this chunk
2025-08-04 17:55:41,854 - WARNING - Unicode decode error: 'utf-8' codec can't decode byte 0xb3 in position 0: invalid start byte, skipping this chunk
2025-08-04 17:55:41,867 - WARNING - Unicode decode error: 'utf-8' codec can't decode byte 0xcf in position 0: invalid continuation byte, skipping this chunk
2025-08-04 17:55:41,911 - INFO - Played audio chunk: 9600 bytes (packet #4)
2025-08-04 17:55:42,089 - INFO - Played audio chunk: 9600 bytes (packet #5)
2025-08-04 17:55:42,108 - WARNING - Unicode decode error: 'utf-8' codec can't decode byte 0xca in position 102: invalid continuation byte, skipping this chunk
2025-08-04 17:55:42,109 - WARNING - Unicode decode error: 'utf-8' codec can't decode byte 0xff in position 1: invalid start byte, skipping this chunk
2025-08-04 17:55:42,299 - WARNING - Unicode decode error: 'utf-8' codec can't decode byte 0xe8 in position 0: invalid continuation byte, skipping this chunk
2025-08-04 17:55:42,299 - WARNING - Unicode decode error: 'utf-8' codec can't decode byte 0xd2 in position 0: invalid continuation byte, skipping this chunk
2025-08-04 17:55:42,321 - WARNING - Unicode decode error: 'utf-8' codec can't decode byte 0xb8 in position 0: invalid start byte, skipping this chunk
2025-08-04 17:55:42,321 - WARNING - Unicode decode error: 'utf-8' codec can't decode byte 0xfd in position 1: invalid start byte, skipping this chunk
2025-08-04 17:55:42,322 - WARNING - Unicode decode error: 'utf-8' codec can't decode byte 0x98 in position 0: invalid start byte, skipping this chunk
2025-08-04 17:55:42,332 - WARNING - Unicode decode error: 'utf-8' codec can't decode byte 0xff in position 1: invalid start byte, skipping this chunk
2025-08-04 17:55:42,333 - WARNING - Unicode decode error: 'utf-8' codec can't decode byte 0xb9 in position 6: invalid start byte, skipping this chunk
2025-08-04 17:55:42,333 - WARNING - Unicode decode error: 'utf-8' codec can't decode byte 0xfd in position 1: invalid start byte, skipping this chunk
2025-08-04 17:55:42,338 - WARNING - Unicode decode error: 'utf-8' codec can't decode byte 0xff in position 1: invalid start byte, skipping this chunk
2025-08-04 17:55:42,338 - WARNING - Unicode decode error: 'utf-8' codec can't decode byte 0xad in position 8: invalid start byte, skipping this chunk
2025-08-04 17:55:42,339 - WARNING - Unicode decode error: 'utf-8' codec can't decode byte 0xfe in position 1: invalid start byte, skipping this chunk
2025-08-04 17:55:42,339 - WARNING - Unicode decode error: 'utf-8' codec can't decode byte 0xff in position 1: invalid start byte, skipping this chunk
2025-08-04 17:55:42,340 - WARNING - Unicode decode error: 'utf-8' codec can't decode byte 0xa2 in position 2: invalid start byte, skipping this chunk
2025-08-04 17:55:42,562 - INFO - Played audio chunk: 9600 bytes (packet #6)
2025-08-04 17:55:42,563 - WARNING - Unicode decode error: 'utf-8' codec can't decode byte 0xff in position 103: invalid start byte, skipping this chunk
2025-08-04 17:55:42,563 - WARNING - Unicode decode error: 'utf-8' codec can't decode byte 0xf3 in position 0: invalid continuation byte, skipping this chunk
2025-08-04 17:55:42,565 - WARNING - Unicode decode error: 'utf-8' codec can't decode byte 0xe6 in position 0: invalid continuation byte, skipping this chunk
2025-08-04 17:55:42,565 - WARNING - Unicode decode error: 'utf-8' codec can't decode byte 0xb0 in position 0: invalid start byte, skipping this chunk
2025-08-04 17:55:42,565 - WARNING - Unicode decode error: 'utf-8' codec can't decode byte 0xff in position 1: invalid start byte, skipping this chunk
2025-08-04 17:55:42,573 - WARNING - Unicode decode error: 'utf-8' codec can't decode byte 0xff in position 103: invalid start byte, skipping this chunk
2025-08-04 17:55:42,573 - WARNING - Unicode decode error: 'utf-8' codec can't decode byte 0xaf in position 0: invalid start byte, skipping this chunk
2025-08-04 17:55:42,574 - WARNING - Unicode decode error: 'utf-8' codec can't decode byte 0xbc in position 0: invalid start byte, skipping this chunk
2025-08-04 17:55:42,574 - WARNING - Unicode decode error: 'utf-8' codec can't decode byte 0x9d in position 0: invalid start byte, skipping this chunk
2025-08-04 17:55:42,597 - WARNING - Unicode decode error: 'utf-8' codec can't decode byte 0x96 in position 0: invalid start byte, skipping this chunk
2025-08-04 17:55:42,807 - INFO - Played audio chunk: 9600 bytes (packet #7)
2025-08-04 17:55:42,807 - WARNING - Unicode decode error: 'utf-8' codec can't decode byte 0xdd in position 110: invalid continuation byte, skipping this chunk
2025-08-04 17:55:42,808 - WARNING - Unicode decode error: 'utf-8' codec can't decode byte 0xbb in position 2: invalid start byte, skipping this chunk
2025-08-04 17:55:42,808 - WARNING - Unicode decode error: 'utf-8' codec can't decode byte 0xcc in position 0: invalid continuation byte, skipping this chunk
2025-08-04 17:55:42,808 - WARNING - Unicode decode error: 'utf-8' codec can't decode byte 0xc8 in position 0: invalid continuation byte, skipping this chunk
2025-08-04 17:55:42,809 - WARNING - Unicode decode error: 'utf-8' codec can't decode byte 0xbd in position 0: invalid start byte, skipping this chunk
2025-08-04 17:55:42,818 - WARNING - Unicode decode error: 'utf-8' codec can't decode byte 0xff in position 1: invalid start byte, skipping this chunk
2025-08-04 17:55:42,819 - WARNING - Unicode decode error: 'utf-8' codec can't decode byte 0xb2 in position 0: invalid start byte, skipping this chunk
2025-08-04 17:55:42,819 - WARNING - Unicode decode error: 'utf-8' codec can't decode byte 0x96 in position 0: invalid start byte, skipping this chunk
2025-08-04 17:55:42,819 - WARNING - Unicode decode error: 'utf-8' codec can't decode byte 0xd5 in position 0: invalid continuation byte, skipping this chunk
2025-08-04 17:55:42,820 - WARNING - Unicode decode error: 'utf-8' codec can't decode byte 0xff in position 1: invalid start byte, skipping this chunk
2025-08-04 17:55:42,820 - WARNING - Unicode decode error: 'utf-8' codec can't decode byte 0x86 in position 8: invalid start byte, skipping this chunk
2025-08-04 17:55:42,821 - WARNING - Unicode decode error: 'utf-8' codec can't decode byte 0xea in position 6: invalid continuation byte, skipping this chunk
2025-08-04 17:55:42,821 - WARNING - Unicode decode error: 'utf-8' codec can't decode byte 0xfb in position 1: invalid start byte, skipping this chunk
2025-08-04 17:55:42,829 - WARNING - Unicode decode error: 'utf-8' codec can't decode byte 0xd7 in position 4: invalid continuation byte, skipping this chunk
2025-08-04 17:55:43,036 - INFO - Played audio chunk: 9600 bytes (packet #8)
2025-08-04 17:55:43,152 - INFO - Played audio chunk: 9600 bytes (packet #9)
2025-08-04 17:55:43,152 - WARNING - Unicode decode error: 'utf-8' codec can't decode byte 0x86 in position 102: invalid start byte, skipping this chunk
2025-08-04 17:55:43,152 - WARNING - Unicode decode error: 'utf-8' codec can't decode byte 0xaf in position 6: invalid start byte, skipping this chunk
2025-08-04 17:55:43,157 - WARNING - Unicode decode error: 'utf-8' codec can't decode byte 0xec in position 2: invalid continuation byte, skipping this chunk
2025-08-04 17:55:43,158 - WARNING - Unicode decode error: 'utf-8' codec can't decode byte 0x84 in position 0: invalid start byte, skipping this chunk
2025-08-04 17:55:43,158 - WARNING - Unicode decode error: 'utf-8' codec can't decode byte 0xcb in position 6: invalid continuation byte, skipping this chunk
2025-08-04 17:55:43,257 - INFO - Played audio chunk: 9600 bytes (packet #10)
2025-08-04 17:55:43,399 - INFO - Played audio chunk: 9600 bytes (packet #11)
2025-08-04 17:55:43,498 - INFO - Played audio chunk: 9600 bytes (packet #12)
2025-08-04 17:55:43,636 - INFO - Played audio chunk: 9600 bytes (packet #13)
2025-08-04 17:55:43,759 - INFO - Played audio chunk: 9600 bytes (packet #14)
2025-08-04 17:55:43,818 - WARNING - Unicode decode error: 'utf-8' codec can't decode byte 0xfc in position 102: invalid start byte, skipping this chunk
2025-08-04 17:55:43,818 - WARNING - Unicode decode error: 'utf-8' codec can't decode byte 0xf4 in position 0: invalid continuation byte, skipping this chunk
2025-08-04 17:55:43,820 - WARNING - Unicode decode error: 'utf-8' codec can't decode byte 0xfc in position 0: invalid start byte, skipping this chunk
2025-08-04 17:55:43,821 - WARNING - Unicode decode error: 'utf-8' codec can't decode byte 0xfb in position 4: invalid start byte, skipping this chunk
2025-08-04 17:55:43,855 - WARNING - Unicode decode error: 'utf-8' codec can't decode byte 0xd7 in position 4: invalid continuation byte, skipping this chunk
2025-08-04 17:55:43,856 - WARNING - Unicode decode error: 'utf-8' codec can't decode byte 0x9a in position 0: invalid start byte, skipping this chunk
2025-08-04 17:55:43,858 - WARNING - Unicode decode error: 'utf-8' codec can't decode byte 0xee in position 0: invalid continuation byte, skipping this chunk
2025-08-04 17:55:43,858 - WARNING - Unicode decode error: 'utf-8' codec can't decode byte 0xa7 in position 0: invalid start byte, skipping this chunk
2025-08-04 17:55:43,859 - WARNING - Unicode decode error: 'utf-8' codec can't decode byte 0xca in position 0: invalid continuation byte, skipping this chunk
2025-08-04 17:55:43,859 - WARNING - Unicode decode error: 'utf-8' codec can't decode byte 0xdc in position 0: invalid continuation byte, skipping this chunk
2025-08-04 17:55:43,861 - WARNING - Unicode decode error: 'utf-8' codec can't decode byte 0xfc in position 0: invalid start byte, skipping this chunk
2025-08-04 17:55:43,862 - WARNING - Unicode decode error: 'utf-8' codec can't decode byte 0xf0 in position 0: invalid continuation byte, skipping this chunk
2025-08-04 17:55:43,866 - WARNING - Unicode decode error: 'utf-8' codec can't decode byte 0xd3 in position 4: invalid continuation byte, skipping this chunk
2025-08-04 17:55:43,866 - WARNING - Unicode decode error: 'utf-8' codec can't decode byte 0xa3 in position 0: invalid start byte, skipping this chunk
2025-08-04 17:55:43,941 - INFO - Played audio chunk: 9600 bytes (packet #15)
2025-08-04 17:55:44,217 - INFO - Played audio chunk: 9600 bytes (packet #16)
2025-08-04 17:55:44,217 - WARNING - Unicode decode error: 'utf-8' codec can't decode byte 0x94 in position 102: invalid start byte, skipping this chunk
2025-08-04 17:55:44,218 - WARNING - Unicode decode error: 'utf-8' codec can't decode byte 0xf4 in position 8: invalid continuation byte, skipping this chunk
2025-08-04 17:55:44,220 - WARNING - Unicode decode error: 'utf-8' codec can't decode byte 0x98 in position 4: invalid start byte, skipping this chunk
2025-08-04 17:55:44,347 - INFO - Played audio chunk: 9600 bytes (packet #17)
2025-08-04 17:55:44,400 - INFO - Played audio chunk: 9600 bytes (packet #18)
2025-08-04 17:55:44,512 - INFO - Played audio chunk: 9600 bytes (packet #19)
2025-08-04 17:55:44,512 - WARNING - Unicode decode error: 'utf-8' codec can't decode byte 0xf2 in position 102: invalid continuation byte, skipping this chunk
2025-08-04 17:55:44,512 - WARNING - Unicode decode error: 'utf-8' codec can't decode byte 0xc6 in position 0: invalid continuation byte, skipping this chunk
2025-08-04 17:55:44,513 - WARNING - Unicode decode error: 'utf-8' codec can't decode byte 0xa9 in position 4: invalid start byte, skipping this chunk
2025-08-04 17:55:44,513 - WARNING - Unicode decode error: 'utf-8' codec can't decode byte 0x8b in position 0: invalid start byte, skipping this chunk
2025-08-04 17:55:44,513 - WARNING - Unicode decode error: 'utf-8' codec can't decode byte 0x99 in position 0: invalid start byte, skipping this chunk
2025-08-04 17:55:44,516 - WARNING - Unicode decode error: 'utf-8' codec can't decode byte 0xeb in position 0: invalid continuation byte, skipping this chunk
2025-08-04 17:55:44,516 - WARNING - Unicode decode error: 'utf-8' codec can't decode byte 0xe8 in position 0: invalid continuation byte, skipping this chunk
2025-08-04 17:55:44,738 - INFO - Played audio chunk: 9600 bytes (packet #20)
2025-08-04 17:55:44,873 - INFO - Played audio chunk: 9600 bytes (packet #21)
2025-08-04 17:55:44,873 - WARNING - Unicode decode error: 'utf-8' codec can't decode byte 0xad in position 102: invalid start byte, skipping this chunk
2025-08-04 17:55:44,874 - WARNING - Unicode decode error: 'utf-8' codec can't decode byte 0xf8 in position 1: invalid start byte, skipping this chunk
2025-08-04 17:55:44,875 - WARNING - Unicode decode error: 'utf-8' codec can't decode byte 0xbb in position 4: invalid start byte, skipping this chunk
2025-08-04 17:55:44,876 - WARNING - Unicode decode error: 'utf-8' codec can't decode byte 0xd4 in position 4: invalid continuation byte, skipping this chunk
2025-08-04 17:55:44,881 - WARNING - Unicode decode error: 'utf-8' codec can't decode byte 0xca in position 1: invalid continuation byte, skipping this chunk
2025-08-04 17:55:44,882 - WARNING - Unicode decode error: 'utf-8' codec can't decode byte 0xd0 in position 1: invalid continuation byte, skipping this chunk
2025-08-04 17:55:44,883 - WARNING - Unicode decode error: 'utf-8' codec can't decode byte 0x9e in position 2: invalid start byte, skipping this chunk
2025-08-04 17:55:44,883 - WARNING - Unicode decode error: 'utf-8' codec can't decode byte 0xf8 in position 0: invalid start byte, skipping this chunk
2025-08-04 17:55:45,009 - INFO - Played audio chunk: 9600 bytes (packet #22)
2025-08-04 17:55:45,134 - INFO - Played audio chunk: 9600 bytes (packet #23)
2025-08-04 17:55:45,193 - INFO - Played audio chunk: 9600 bytes (packet #24)
2025-08-04 17:55:45,343 - INFO - Played audio chunk: 9600 bytes (packet #25)
2025-08-04 17:55:45,427 - INFO - Played audio chunk: 9600 bytes (packet #26)
2025-08-04 17:55:45,555 - INFO - Played audio chunk: 9600 bytes (packet #27)
2025-08-04 17:55:45,555 - WARNING - Unicode decode error: 'utf-8' codec can't decode byte 0xff in position 103: invalid start byte, skipping this chunk
2025-08-04 17:55:45,555 - WARNING - Unicode decode error: 'utf-8' codec can't decode byte 0x94 in position 10: invalid start byte, skipping this chunk
2025-08-04 17:55:45,560 - WARNING - Unicode decode error: 'utf-8' codec can't decode byte 0xff in position 1: invalid start byte, skipping this chunk
2025-08-04 17:55:45,563 - WARNING - Unicode decode error: 'utf-8' codec can't decode byte 0xef in position 0: invalid continuation byte, skipping this chunk
2025-08-04 17:55:45,568 - WARNING - Unicode decode error: 'utf-8' codec can't decode byte 0xff in position 1: invalid start byte, skipping this chunk
2025-08-04 17:55:45,577 - WARNING - Unicode decode error: 'utf-8' codec can't decode byte 0xec in position 8: invalid continuation byte, skipping this chunk
2025-08-04 17:55:45,616 - WARNING - Unicode decode error: 'utf-8' codec can't decode byte 0xfd in position 1: invalid start byte, skipping this chunk
2025-08-04 17:55:45,616 - WARNING - Unicode decode error: 'utf-8' codec can't decode byte 0xc8 in position 0: invalid continuation byte, skipping this chunk
2025-08-04 17:55:45,665 - INFO - Played audio chunk: 9600 bytes (packet #28)
2025-08-04 17:55:45,759 - INFO - Played audio chunk: 9600 bytes (packet #29)
2025-08-04 17:55:45,917 - INFO - Played audio chunk: 9600 bytes (packet #30)
2025-08-04 17:55:45,997 - INFO - Played audio chunk: 9600 bytes (packet #31)
2025-08-04 17:55:46,165 - INFO - Played audio chunk: 9600 bytes (packet #32)
2025-08-04 17:55:46,221 - WARNING - Unicode decode error: 'utf-8' codec can't decode byte 0xe8 in position 102: invalid continuation byte, skipping this chunk
2025-08-04 17:55:46,221 - WARNING - Unicode decode error: 'utf-8' codec can't decode byte 0xca in position 1: invalid continuation byte, skipping this chunk
2025-08-04 17:55:46,221 - WARNING - Unicode decode error: 'utf-8' codec can't decode byte 0xf7 in position 1: invalid start byte, skipping this chunk
2025-08-04 17:55:46,228 - WARNING - Unicode decode error: 'utf-8' codec can't decode byte 0xca in position 1: invalid continuation byte, skipping this chunk
2025-08-04 17:55:46,229 - WARNING - Unicode decode error: 'utf-8' codec can't decode byte 0xca in position 1: invalid continuation byte, skipping this chunk
2025-08-04 17:55:46,229 - WARNING - Unicode decode error: 'utf-8' codec can't decode byte 0x91 in position 0: invalid start byte, skipping this chunk
2025-08-04 17:55:46,230 - WARNING - Unicode decode error: 'utf-8' codec can't decode byte 0x9c in position 0: invalid start byte, skipping this chunk
2025-08-04 17:55:46,230 - WARNING - Unicode decode error: 'utf-8' codec can't decode byte 0xf3 in position 1: invalid continuation byte, skipping this chunk
2025-08-04 17:55:46,234 - WARNING - Unicode decode error: 'utf-8' codec can't decode byte 0xbf in position 2: invalid start byte, skipping this chunk
2025-08-04 17:55:46,351 - INFO - Played audio chunk: 9600 bytes (packet #33)
2025-08-04 17:55:46,556 - INFO - Played audio chunk: 9600 bytes (packet #34)
2025-08-04 17:55:46,556 - WARNING - Unicode decode error: 'utf-8' codec can't decode byte 0xeb in position 103: invalid continuation byte, skipping this chunk
2025-08-04 17:55:46,556 - WARNING - Unicode decode error: 'utf-8' codec can't decode byte 0xc2 in position 0: invalid continuation byte, skipping this chunk
2025-08-04 17:55:46,557 - WARNING - Unicode decode error: 'utf-8' codec can't decode byte 0xbe in position 0: invalid start byte, skipping this chunk
2025-08-04 17:55:46,557 - WARNING - Unicode decode error: 'utf-8' codec can't decode byte 0xf1 in position 1: invalid continuation byte, skipping this chunk
2025-08-04 17:55:46,563 - WARNING - Unicode decode error: 'utf-8' codec can't decode byte 0xdf in position 0: invalid continuation byte, skipping this chunk
2025-08-04 17:55:46,567 - WARNING - Unicode decode error: 'utf-8' codec can't decode byte 0xf8 in position 1: invalid start byte, skipping this chunk
2025-08-04 17:55:46,568 - WARNING - Unicode decode error: 'utf-8' codec can't decode byte 0xc7 in position 4: invalid continuation byte, skipping this chunk
2025-08-04 17:55:46,698 - INFO - Played audio chunk: 9600 bytes (packet #35)
2025-08-04 17:55:46,821 - INFO - Played audio chunk: 9600 bytes (packet #36)
2025-08-04 17:55:46,913 - INFO - Played audio chunk: 9600 bytes (packet #37)
2025-08-04 17:55:46,913 - WARNING - Unicode decode error: 'utf-8' codec can't decode byte 0x96 in position 102: invalid start byte, skipping this chunk
2025-08-04 17:55:46,913 - WARNING - Unicode decode error: 'utf-8' codec can't decode byte 0xd9 in position 0: invalid continuation byte, skipping this chunk
2025-08-04 17:55:46,915 - WARNING - Unicode decode error: 'utf-8' codec can't decode byte 0xc2 in position 4: invalid continuation byte, skipping this chunk
2025-08-04 17:55:46,951 - WARNING - Unicode decode error: 'utf-8' codec can't decode byte 0xc1 in position 0: invalid start byte, skipping this chunk
2025-08-04 17:55:47,145 - INFO - Played audio chunk: 9600 bytes (packet #38)
2025-08-04 17:55:47,332 - INFO - Played audio chunk: 9600 bytes (packet #39)
2025-08-04 17:55:47,332 - WARNING - Unicode decode error: 'utf-8' codec can't decode byte 0xfe in position 103: invalid start byte, skipping this chunk
2025-08-04 17:55:47,332 - WARNING - Unicode decode error: 'utf-8' codec can't decode byte 0x9f in position 0: invalid start byte, skipping this chunk
2025-08-04 17:55:47,332 - WARNING - Unicode decode error: 'utf-8' codec can't decode byte 0xbc in position 0: invalid start byte, skipping this chunk
2025-08-04 17:55:47,358 - WARNING - Unicode decode error: 'utf-8' codec can't decode byte 0xaf in position 0: invalid start byte, skipping this chunk
2025-08-04 17:55:47,359 - WARNING - Unicode decode error: 'utf-8' codec can't decode byte 0x9c in position 106: invalid start byte, skipping this chunk
2025-08-04 17:55:47,360 - WARNING - Unicode decode error: 'utf-8' codec can't decode byte 0xd4 in position 0: invalid continuation byte, skipping this chunk
2025-08-04 17:55:47,360 - WARNING - Unicode decode error: 'utf-8' codec can't decode byte 0xbe in position 0: invalid start byte, skipping this chunk
2025-08-04 17:55:47,361 - WARNING - Unicode decode error: 'utf-8' codec can't decode byte 0xec in position 2: invalid continuation byte, skipping this chunk
2025-08-04 17:55:47,365 - WARNING - Unicode decode error: 'utf-8' codec can't decode byte 0xfe in position 1: invalid start byte, skipping this chunk
2025-08-04 17:55:47,366 - WARNING - Unicode decode error: 'utf-8' codec can't decode byte 0xff in position 1: invalid start byte, skipping this chunk
2025-08-04 17:55:47,371 - WARNING - Unicode decode error: 'utf-8' codec can't decode byte 0xad in position 0: invalid start byte, skipping this chunk
2025-08-04 17:55:47,608 - INFO - Played audio chunk: 9600 bytes (packet #40)
2025-08-04 17:55:47,611 - WARNING - Unicode decode error: 'utf-8' codec can't decode byte 0xff in position 103: invalid start byte, skipping this chunk
2025-08-04 17:55:47,614 - WARNING - Unicode decode error: 'utf-8' codec can't decode byte 0xe4 in position 0: invalid continuation byte, skipping this chunk
2025-08-04 17:55:47,615 - WARNING - Unicode decode error: 'utf-8' codec can't decode byte 0x9e in position 0: invalid start byte, skipping this chunk
2025-08-04 17:55:47,623 - WARNING - Unicode decode error: 'utf-8' codec can't decode byte 0x92 in position 12: invalid start byte, skipping this chunk
2025-08-04 17:55:47,623 - WARNING - Unicode decode error: 'utf-8' codec can't decode byte 0x9b in position 0: invalid start byte, skipping this chunk
2025-08-04 17:55:47,631 - WARNING - Unicode decode error: 'utf-8' codec can't decode byte 0xd7 in position 0: invalid continuation byte, skipping this chunk
2025-08-04 17:55:47,889 - INFO - Played audio chunk: 9600 bytes (packet #41)
2025-08-04 17:55:47,890 - WARNING - Unicode decode error: 'utf-8' codec can't decode byte 0xfe in position 103: invalid start byte, skipping this chunk
2025-08-04 17:55:47,890 - WARNING - Unicode decode error: 'utf-8' codec can't decode byte 0x9a in position 0: invalid start byte, skipping this chunk
2025-08-04 17:55:47,890 - WARNING - Unicode decode error: 'utf-8' codec can't decode byte 0xdb in position 12: invalid continuation byte, skipping this chunk
2025-08-04 17:55:47,890 - WARNING - Unicode decode error: 'utf-8' codec can't decode byte 0xff in position 1: invalid start byte, skipping this chunk
2025-08-04 17:55:47,903 - WARNING - Unicode decode error: 'utf-8' codec can't decode byte 0xfb in position 2: invalid start byte, skipping this chunk
2025-08-04 17:55:48,104 - WARNING - Unicode decode error: 'utf-8' codec can't decode byte 0xff in position 103: invalid start byte, skipping this chunk
2025-08-04 17:55:48,104 - WARNING - Unicode decode error: 'utf-8' codec can't decode byte 0xfe in position 1: invalid start byte, skipping this chunk
2025-08-04 17:55:48,106 - WARNING - Unicode decode error: 'utf-8' codec can't decode byte 0xfd in position 4: invalid start byte, skipping this chunk
2025-08-04 17:55:48,107 - WARNING - Unicode decode error: 'utf-8' codec can't decode byte 0xb2 in position 0: invalid start byte, skipping this chunk
2025-08-04 17:55:48,111 - WARNING - Unicode decode error: 'utf-8' codec can't decode byte 0x81 in position 6: invalid start byte, skipping this chunk
2025-08-04 17:55:48,112 - WARNING - Unicode decode error: 'utf-8' codec can't decode byte 0xf6 in position 0: invalid start byte, skipping this chunk
2025-08-04 17:55:48,112 - WARNING - Unicode decode error: 'utf-8' codec can't decode byte 0x93 in position 104: invalid start byte, skipping this chunk
2025-08-04 17:55:48,136 - WARNING - Unicode decode error: 'utf-8' codec can't decode byte 0x8a in position 0: invalid start byte, skipping this chunk
2025-08-04 17:55:48,136 - WARNING - Unicode decode error: 'utf-8' codec can't decode byte 0xb2 in position 0: invalid start byte, skipping this chunk
2025-08-04 17:55:48,136 - WARNING - Unicode decode error: 'utf-8' codec can't decode byte 0xff in position 1: invalid start byte, skipping this chunk
2025-08-04 17:55:48,136 - WARNING - Unicode decode error: 'utf-8' codec can't decode byte 0xa5 in position 0: invalid start byte, skipping this chunk
2025-08-04 17:55:48,137 - WARNING - Unicode decode error: 'utf-8' codec can't decode byte 0xac in position 0: invalid start byte, skipping this chunk
2025-08-04 17:55:48,137 - WARNING - Unicode decode error: 'utf-8' codec can't decode byte 0xc0 in position 0: invalid start byte, skipping this chunk
2025-08-04 17:55:48,362 - INFO - Played audio chunk: 9600 bytes (packet #42)
2025-08-04 17:55:48,362 - WARNING - Unicode decode error: 'utf-8' codec can't decode byte 0xb9 in position 102: invalid start byte, skipping this chunk
2025-08-04 17:55:48,363 - WARNING - Unicode decode error: 'utf-8' codec can't decode byte 0xe8 in position 6: invalid continuation byte, skipping this chunk
2025-08-04 17:55:48,363 - WARNING - Unicode decode error: 'utf-8' codec can't decode byte 0xcb in position 0: invalid continuation byte, skipping this chunk
2025-08-04 17:55:48,363 - WARNING - Unicode decode error: 'utf-8' codec can't decode byte 0xfe in position 6: invalid start byte, skipping this chunk
2025-08-04 17:55:48,364 - WARNING - Unicode decode error: 'utf-8' codec can't decode byte 0xca in position 1: invalid continuation byte, skipping this chunk
2025-08-04 17:55:48,364 - WARNING - Unicode decode error: 'utf-8' codec can't decode byte 0xba in position 0: invalid start byte, skipping this chunk
2025-08-04 17:55:48,369 - WARNING - Unicode decode error: 'utf-8' codec can't decode bytes in position 1-2: invalid continuation byte, skipping this chunk
2025-08-04 17:55:48,369 - WARNING - Unicode decode error: 'utf-8' codec can't decode byte 0xe2 in position 3: invalid continuation byte, skipping this chunk
2025-08-04 17:55:48,369 - WARNING - Unicode decode error: 'utf-8' codec can't decode byte 0xfd in position 1: invalid start byte, skipping this chunk
2025-08-04 17:55:48,370 - WARNING - Unicode decode error: 'utf-8' codec can't decode byte 0xfe in position 1: invalid start byte, skipping this chunk
2025-08-04 17:55:48,370 - WARNING - Unicode decode error: 'utf-8' codec can't decode byte 0x97 in position 0: invalid start byte, skipping this chunk
2025-08-04 17:55:48,621 - WARNING - Unicode decode error: 'utf-8' codec can't decode byte 0xcc in position 12: invalid continuation byte, skipping this chunk
2025-08-04 17:55:48,621 - WARNING - Unicode decode error: 'utf-8' codec can't decode byte 0xfb in position 105: invalid start byte, skipping this chunk
2025-08-04 17:55:48,621 - WARNING - Unicode decode error: 'utf-8' codec can't decode byte 0xe2 in position 0: invalid continuation byte, skipping this chunk
2025-08-04 17:55:48,622 - WARNING - Unicode decode error: 'utf-8' codec can't decode byte 0x85 in position 6: invalid start byte, skipping this chunk
2025-08-04 17:55:48,622 - WARNING - Unicode decode error: 'utf-8' codec can't decode byte 0xe4 in position 1: invalid continuation byte, skipping this chunk
2025-08-04 17:55:48,623 - WARNING - Unicode decode error: 'utf-8' codec can't decode byte 0xb7 in position 0: invalid start byte, skipping this chunk
2025-08-04 17:55:48,623 - WARNING - Unicode decode error: 'utf-8' codec can't decode byte 0xe2 in position 1: invalid continuation byte, skipping this chunk
2025-08-04 17:55:48,624 - WARNING - Unicode decode error: 'utf-8' codec can't decode byte 0xf7 in position 1: invalid start byte, skipping this chunk
2025-08-04 17:55:48,626 - WARNING - Unicode decode error: 'utf-8' codec can't decode byte 0xc9 in position 2: invalid continuation byte, skipping this chunk
2025-08-04 17:55:48,627 - WARNING - Unicode decode error: 'utf-8' codec can't decode byte 0xe3 in position 1: invalid continuation byte, skipping this chunk
2025-08-04 17:55:48,627 - WARNING - Unicode decode error: 'utf-8' codec can't decode byte 0xd3 in position 0: invalid continuation byte, skipping this chunk
2025-08-04 17:55:48,628 - WARNING - Unicode decode error: 'utf-8' codec can't decode byte 0xc3 in position 0: invalid continuation byte, skipping this chunk
2025-08-04 17:55:48,628 - WARNING - Unicode decode error: 'utf-8' codec can't decode byte 0xf8 in position 1: invalid start byte, skipping this chunk
2025-08-04 17:55:48,629 - WARNING - Unicode decode error: 'utf-8' codec can't decode byte 0xe8 in position 0: invalid continuation byte, skipping this chunk
2025-08-04 17:55:48,629 - WARNING - Unicode decode error: 'utf-8' codec can't decode byte 0xf4 in position 2: invalid continuation byte, skipping this chunk
2025-08-04 17:55:48,630 - WARNING - Unicode decode error: 'utf-8' codec can't decode byte 0xd4 in position 2: invalid continuation byte, skipping this chunk
2025-08-04 17:55:48,634 - WARNING - Unicode decode error: 'utf-8' codec can't decode byte 0xdc in position 0: invalid continuation byte, skipping this chunk
2025-08-04 17:55:48,641 - WARNING - Unicode decode error: 'utf-8' codec can't decode byte 0xbc in position 0: invalid start byte, skipping this chunk
2025-08-04 17:55:48,642 - WARNING - Unicode decode error: 'utf-8' codec can't decode byte 0xf3 in position 0: invalid continuation byte, skipping this chunk
2025-08-04 17:55:48,642 - WARNING - Unicode decode error: 'utf-8' codec can't decode byte 0xff in position 0: invalid start byte, skipping this chunk
2025-08-04 17:55:48,643 - WARNING - Unicode decode error: 'utf-8' codec can't decode byte 0x80 in position 0: invalid start byte, skipping this chunk
2025-08-04 17:55:48,643 - WARNING - Unicode decode error: 'utf-8' codec can't decode byte 0x94 in position 0: invalid start byte, skipping this chunk
2025-08-04 17:55:48,862 - INFO - Played audio chunk: 9600 bytes (packet #43)
2025-08-04 17:55:49,112 - INFO - Played audio chunk: 9600 bytes (packet #44)
2025-08-04 17:55:49,112 - WARNING - Unicode decode error: 'utf-8' codec can't decode byte 0xa1 in position 102: invalid start byte, skipping this chunk
2025-08-04 17:55:49,112 - WARNING - Unicode decode error: 'utf-8' codec can't decode byte 0xef in position 0: invalid continuation byte, skipping this chunk
2025-08-04 17:55:49,113 - WARNING - Unicode decode error: 'utf-8' codec can't decode byte 0x88 in position 2: invalid start byte, skipping this chunk
2025-08-04 17:55:49,113 - WARNING - Unicode decode error: 'utf-8' codec can't decode byte 0xb7 in position 0: invalid start byte, skipping this chunk
2025-08-04 17:55:49,114 - WARNING - Unicode decode error: 'utf-8' codec can't decode byte 0xe2 in position 0: invalid continuation byte, skipping this chunk
2025-08-04 17:55:49,114 - WARNING - Unicode decode error: 'utf-8' codec can't decode byte 0xed in position 0: invalid continuation byte, skipping this chunk
2025-08-04 17:55:49,115 - WARNING - Unicode decode error: 'utf-8' codec can't decode byte 0x83 in position 2: invalid start byte, skipping this chunk
2025-08-04 17:55:49,115 - WARNING - Unicode decode error: 'utf-8' codec can't decode byte 0x93 in position 6: invalid start byte, skipping this chunk
2025-08-04 17:55:49,118 - WARNING - Unicode decode error: 'utf-8' codec can't decode byte 0xd0 in position 0: invalid continuation byte, skipping this chunk
2025-08-04 17:55:49,119 - WARNING - Unicode decode error: 'utf-8' codec can't decode byte 0x9b in position 0: invalid start byte, skipping this chunk
2025-08-04 17:55:49,119 - WARNING - Unicode decode error: 'utf-8' codec can't decode byte 0xdb in position 0: invalid continuation byte, skipping this chunk
2025-08-04 17:55:49,119 - WARNING - Unicode decode error: 'utf-8' codec can't decode byte 0xff in position 6: invalid start byte, skipping this chunk
2025-08-04 17:55:49,320 - INFO - Played audio chunk: 9600 bytes (packet #45)
2025-08-04 17:55:49,320 - WARNING - Unicode decode error: 'utf-8' codec can't decode byte 0xee in position 104: invalid continuation byte, skipping this chunk
2025-08-04 17:55:49,320 - WARNING - Unicode decode error: 'utf-8' codec can't decode byte 0xb2 in position 0: invalid start byte, skipping this chunk
2025-08-04 17:55:49,321 - WARNING - Unicode decode error: 'utf-8' codec can't decode byte 0xa9 in position 4: invalid start byte, skipping this chunk
2025-08-04 17:55:49,326 - WARNING - Unicode decode error: 'utf-8' codec can't decode byte 0xcb in position 0: invalid continuation byte, skipping this chunk
2025-08-04 17:55:49,514 - INFO - Played audio chunk: 9600 bytes (packet #46)
2025-08-04 17:55:49,514 - WARNING - Unicode decode error: 'utf-8' codec can't decode byte 0xfd in position 103: invalid start byte, skipping this chunk
2025-08-04 17:55:49,516 - WARNING - Unicode decode error: 'utf-8' codec can't decode byte 0xbb in position 0: invalid start byte, skipping this chunk
2025-08-04 17:55:49,520 - WARNING - Unicode decode error: 'utf-8' codec can't decode byte 0xc1 in position 0: invalid start byte, skipping this chunk
2025-08-04 17:55:49,520 - WARNING - Unicode decode error: 'utf-8' codec can't decode byte 0xff in position 1: invalid start byte, skipping this chunk
2025-08-04 17:55:49,520 - WARNING - Unicode decode error: 'utf-8' codec can't decode byte 0xbd in position 4: invalid start byte, skipping this chunk
2025-08-04 17:55:49,782 - WARNING - Unicode decode error: 'utf-8' codec can't decode byte 0xfb in position 2: invalid start byte, skipping this chunk
2025-08-04 17:55:49,804 - WARNING - Unicode decode error: 'utf-8' codec can't decode byte 0x9d in position 102: invalid start byte, skipping this chunk
2025-08-04 17:55:49,805 - WARNING - Unicode decode error: 'utf-8' codec can't decode byte 0xfe in position 1: invalid start byte, skipping this chunk
2025-08-04 17:55:49,805 - WARNING - Unicode decode error: 'utf-8' codec can't decode byte 0xe9 in position 0: invalid continuation byte, skipping this chunk
2025-08-04 17:55:49,806 - WARNING - Unicode decode error: 'utf-8' codec can't decode byte 0xed in position 0: invalid continuation byte, skipping this chunk
2025-08-04 17:55:49,806 - WARNING - Unicode decode error: 'utf-8' codec can't decode byte 0xb9 in position 0: invalid start byte, skipping this chunk
2025-08-04 17:55:49,807 - WARNING - Unicode decode error: 'utf-8' codec can't decode byte 0xff in position 0: invalid start byte, skipping this chunk
2025-08-04 17:55:49,807 - WARNING - Unicode decode error: 'utf-8' codec can't decode byte 0xff in position 9: invalid start byte, skipping this chunk
2025-08-04 17:55:49,808 - WARNING - Unicode decode error: 'utf-8' codec can't decode byte 0x8e in position 0: invalid start byte, skipping this chunk
2025-08-04 17:55:49,808 - WARNING - Unicode decode error: 'utf-8' codec can't decode byte 0x91 in position 2: invalid start byte, skipping this chunk
2025-08-04 17:55:49,809 - WARNING - Unicode decode error: 'utf-8' codec can't decode byte 0xfd in position 1: invalid start byte, skipping this chunk
2025-08-04 17:55:49,809 - WARNING - Unicode decode error: 'utf-8' codec can't decode byte 0xd0 in position 2: invalid continuation byte, skipping this chunk
2025-08-04 17:55:49,812 - WARNING - Unicode decode error: 'utf-8' codec can't decode byte 0xc6 in position 0: invalid continuation byte, skipping this chunk
2025-08-04 17:55:49,813 - WARNING - Unicode decode error: 'utf-8' codec can't decode byte 0xd4 in position 0: invalid continuation byte, skipping this chunk
2025-08-04 17:55:49,813 - WARNING - Unicode decode error: 'utf-8' codec can't decode byte 0xf0 in position 0: invalid continuation byte, skipping this chunk
2025-08-04 17:55:49,814 - WARNING - Unicode decode error: 'utf-8' codec can't decode byte 0xaa in position 6: invalid start byte, skipping this chunk
2025-08-04 17:55:49,814 - WARNING - Unicode decode error: 'utf-8' codec can't decode byte 0xe3 in position 0: invalid continuation byte, skipping this chunk
2025-08-04 17:55:49,814 - WARNING - Unicode decode error: 'utf-8' codec can't decode byte 0xcf in position 0: invalid continuation byte, skipping this chunk
2025-08-04 17:55:49,828 - WARNING - Unicode decode error: 'utf-8' codec can't decode byte 0xf4 in position 10: invalid continuation byte, skipping this chunk
2025-08-04 17:55:49,830 - WARNING - Unicode decode error: 'utf-8' codec can't decode byte 0x93 in position 2: invalid start byte, skipping this chunk
2025-08-04 17:55:49,830 - WARNING - Unicode decode error: 'utf-8' codec can't decode byte 0xd4 in position 10: invalid continuation byte, skipping this chunk
2025-08-04 17:55:49,878 - INFO - Played audio chunk: 9600 bytes (packet #47)
2025-08-04 17:55:50,082 - WARNING - Unicode decode error: 'utf-8' codec can't decode byte 0xfc in position 104: invalid start byte, skipping this chunk
2025-08-04 17:55:50,083 - WARNING - Unicode decode error: 'utf-8' codec can't decode byte 0xcc in position 0: invalid continuation byte, skipping this chunk
2025-08-04 17:55:50,083 - WARNING - Unicode decode error: 'utf-8' codec can't decode bytes in position 1-2: invalid continuation byte, skipping this chunk
2025-08-04 17:55:50,083 - WARNING - Unicode decode error: 'utf-8' codec can't decode byte 0xff in position 1: invalid start byte, skipping this chunk
2025-08-04 17:55:50,084 - WARNING - Unicode decode error: 'utf-8' codec can't decode byte 0xfa in position 0: invalid start byte, skipping this chunk
2025-08-04 17:55:50,084 - WARNING - Unicode decode error: 'utf-8' codec can't decode byte 0xe8 in position 0: invalid continuation byte, skipping this chunk
2025-08-04 17:55:50,084 - WARNING - Unicode decode error: 'utf-8' codec can't decode byte 0xe8 in position 2: invalid continuation byte, skipping this chunk
2025-08-04 17:55:50,085 - WARNING - Unicode decode error: 'utf-8' codec can't decode byte 0xfb in position 1: invalid start byte, skipping this chunk
2025-08-04 17:55:50,088 - WARNING - Unicode decode error: 'utf-8' codec can't decode byte 0xd5 in position 0: invalid continuation byte, skipping this chunk
2025-08-04 17:55:50,088 - WARNING - Unicode decode error: 'utf-8' codec can't decode byte 0xfd in position 2: invalid start byte, skipping this chunk
2025-08-04 17:55:50,331 - WARNING - Unicode decode error: 'utf-8' codec can't decode byte 0xe8 in position 0: invalid continuation byte, skipping this chunk
2025-08-04 17:55:50,331 - WARNING - Unicode decode error: 'utf-8' codec can't decode byte 0xff in position 102: invalid start byte, skipping this chunk
2025-08-04 17:55:50,332 - WARNING - Unicode decode error: 'utf-8' codec can't decode byte 0xe8 in position 0: invalid continuation byte, skipping this chunk
2025-08-04 17:55:50,332 - WARNING - Unicode decode error: 'utf-8' codec can't decode byte 0xe8 in position 2: invalid continuation byte, skipping this chunk
2025-08-04 17:55:50,333 - WARNING - Unicode decode error: 'utf-8' codec can't decode byte 0xd8 in position 4: invalid continuation byte, skipping this chunk
2025-08-04 17:55:50,333 - WARNING - Unicode decode error: 'utf-8' codec can't decode byte 0xfd in position 1: invalid start byte, skipping this chunk
2025-08-04 17:55:50,335 - WARNING - Unicode decode error: 'utf-8' codec can't decode byte 0xec in position 2: invalid continuation byte, skipping this chunk
2025-08-04 17:55:50,335 - WARNING - Unicode decode error: 'utf-8' codec can't decode byte 0xe8 in position 0: invalid continuation byte, skipping this chunk
2025-08-04 17:55:50,336 - WARNING - Unicode decode error: 'utf-8' codec can't decode byte 0xd1 in position 1: invalid continuation byte, skipping this chunk
2025-08-04 17:55:50,336 - WARNING - Unicode decode error: 'utf-8' codec can't decode byte 0x8c in position 0: invalid start byte, skipping this chunk
2025-08-04 17:55:50,337 - WARNING - Unicode decode error: 'utf-8' codec can't decode byte 0xc2 in position 0: invalid continuation byte, skipping this chunk
2025-08-04 17:55:50,337 - WARNING - Unicode decode error: 'utf-8' codec can't decode byte 0xe9 in position 0: invalid continuation byte, skipping this chunk
2025-08-04 17:55:50,338 - WARNING - Unicode decode error: 'utf-8' codec can't decode byte 0xce in position 0: invalid continuation byte, skipping this chunk
2025-08-04 17:55:50,338 - WARNING - Unicode decode error: 'utf-8' codec can't decode byte 0xd8 in position 0: invalid continuation byte, skipping this chunk
2025-08-04 17:55:50,339 - WARNING - Unicode decode error: 'utf-8' codec can't decode byte 0xca in position 1: invalid continuation byte, skipping this chunk
2025-08-04 17:55:50,340 - WARNING - Unicode decode error: 'utf-8' codec can't decode byte 0xd2 in position 1: invalid continuation byte, skipping this chunk
2025-08-04 17:55:50,342 - WARNING - Unicode decode error: 'utf-8' codec can't decode byte 0xee in position 0: invalid continuation byte, skipping this chunk
2025-08-04 17:55:50,343 - WARNING - Unicode decode error: 'utf-8' codec can't decode byte 0xe8 in position 0: invalid continuation byte, skipping this chunk
2025-08-04 17:55:50,343 - WARNING - Unicode decode error: 'utf-8' codec can't decode byte 0xa5 in position 0: invalid start byte, skipping this chunk
2025-08-04 17:55:50,350 - WARNING - Unicode decode error: 'utf-8' codec can't decode byte 0xa3 in position 0: invalid start byte, skipping this chunk
2025-08-04 17:55:50,351 - WARNING - Unicode decode error: 'utf-8' codec can't decode byte 0xed in position 0: invalid continuation byte, skipping this chunk
2025-08-04 17:55:50,351 - WARNING - Unicode decode error: 'utf-8' codec can't decode byte 0x9e in position 2: invalid start byte, skipping this chunk
2025-08-04 17:55:50,517 - INFO - Stats - Packets received: 47, Total bytes played: 451200
2025-08-04 17:55:50,813 - INFO - Played audio chunk: 9600 bytes (packet #48)
2025-08-04 17:55:50,813 - WARNING - Unicode decode error: 'utf-8' codec can't decode byte 0xc9 in position 104: invalid continuation byte, skipping this chunk
2025-08-04 17:55:50,813 - WARNING - Unicode decode error: 'utf-8' codec can't decode byte 0xe3 in position 1: invalid continuation byte, skipping this chunk
2025-08-04 17:55:50,814 - WARNING - Unicode decode error: 'utf-8' codec can't decode byte 0xea in position 0: invalid continuation byte, skipping this chunk
2025-08-04 17:55:50,814 - WARNING - Unicode decode error: 'utf-8' codec can't decode byte 0x8b in position 0: invalid start byte, skipping this chunk
2025-08-04 17:55:50,815 - WARNING - Unicode decode error: 'utf-8' codec can't decode byte 0xfd in position 1: invalid start byte, skipping this chunk
2025-08-04 17:55:50,815 - WARNING - Unicode decode error: 'utf-8' codec can't decode byte 0x88 in position 4: invalid start byte, skipping this chunk
2025-08-04 17:55:50,816 - WARNING - Unicode decode error: 'utf-8' codec can't decode byte 0x87 in position 0: invalid start byte, skipping this chunk
2025-08-04 17:55:50,818 - WARNING - Unicode decode error: 'utf-8' codec can't decode byte 0x88 in position 2: invalid start byte, skipping this chunk
2025-08-04 17:55:50,818 - WARNING - Unicode decode error: 'utf-8' codec can't decode byte 0xa9 in position 0: invalid start byte, skipping this chunk
2025-08-04 17:55:50,819 - WARNING - Unicode decode error: 'utf-8' codec can't decode byte 0xae in position 2: invalid start byte, skipping this chunk
2025-08-04 17:55:50,819 - WARNING - Unicode decode error: 'utf-8' codec can't decode byte 0xae in position 4: invalid start byte, skipping this chunk
2025-08-04 17:55:50,820 - WARNING - Unicode decode error: 'utf-8' codec can't decode byte 0xff in position 5: invalid start byte, skipping this chunk
2025-08-04 17:55:50,820 - WARNING - Unicode decode error: 'utf-8' codec can't decode byte 0xf4 in position 0: invalid continuation byte, skipping this chunk
2025-08-04 17:55:50,820 - WARNING - Unicode decode error: 'utf-8' codec can't decode byte 0x92 in position 0: invalid start byte, skipping this chunk
2025-08-04 17:55:50,845 - WARNING - Unicode decode error: 'utf-8' codec can't decode byte 0xe5 in position 102: invalid continuation byte, skipping this chunk
2025-08-04 17:55:50,845 - WARNING - Unicode decode error: 'utf-8' codec can't decode byte 0xdd in position 0: invalid continuation byte, skipping this chunk
2025-08-04 17:55:50,845 - WARNING - Unicode decode error: 'utf-8' codec can't decode byte 0xbd in position 0: invalid start byte, skipping this chunk
2025-08-04 17:55:50,846 - WARNING - Unicode decode error: 'utf-8' codec can't decode byte 0xa9 in position 0: invalid start byte, skipping this chunk
2025-08-04 17:55:50,849 - WARNING - Unicode decode error: 'utf-8' codec can't decode byte 0xf2 in position 0: invalid continuation byte, skipping this chunk
2025-08-04 17:55:50,849 - WARNING - Unicode decode error: 'utf-8' codec can't decode byte 0xfd in position 1: invalid start byte, skipping this chunk
2025-08-04 17:55:50,852 - WARNING - Unicode decode error: 'utf-8' codec can't decode byte 0xff in position 1: invalid start byte, skipping this chunk
2025-08-04 17:55:50,876 - WARNING - Unicode decode error: 'utf-8' codec can't decode byte 0xfb in position 103: invalid start byte, skipping this chunk
2025-08-04 17:55:50,876 - WARNING - Unicode decode error: 'utf-8' codec can't decode byte 0x9e in position 0: invalid start byte, skipping this chunk
2025-08-04 17:55:50,877 - WARNING - Unicode decode error: 'utf-8' codec can't decode byte 0xc6 in position 4: invalid continuation byte, skipping this chunk
2025-08-04 17:55:50,877 - WARNING - Unicode decode error: 'utf-8' codec can't decode byte 0xaf in position 0: invalid start byte, skipping this chunk
2025-08-04 17:55:50,878 - WARNING - Unicode decode error: 'utf-8' codec can't decode byte 0xfa in position 1: invalid start byte, skipping this chunk
2025-08-04 17:55:50,878 - WARNING - Unicode decode error: 'utf-8' codec can't decode byte 0xfc in position 1: invalid start byte, skipping this chunk
2025-08-04 17:55:50,886 - WARNING - Unicode decode error: 'utf-8' codec can't decode byte 0x93 in position 4: invalid start byte, skipping this chunk
2025-08-04 17:55:51,107 - INFO - Played audio chunk: 9600 bytes (packet #49)
2025-08-04 17:55:51,108 - WARNING - Unicode decode error: 'utf-8' codec can't decode byte 0xd6 in position 104: invalid continuation byte, skipping this chunk
2025-08-04 17:55:51,109 - WARNING - Unicode decode error: 'utf-8' codec can't decode byte 0xd2 in position 2: invalid continuation byte, skipping this chunk
2025-08-04 17:55:51,109 - WARNING - Unicode decode error: 'utf-8' codec can't decode byte 0xe2 in position 0: invalid continuation byte, skipping this chunk
2025-08-04 17:55:51,110 - WARNING - Unicode decode error: 'utf-8' codec can't decode byte 0xf8 in position 0: invalid start byte, skipping this chunk
2025-08-04 17:55:51,110 - WARNING - Unicode decode error: 'utf-8' codec can't decode byte 0xfc in position 1: invalid start byte, skipping this chunk
2025-08-04 17:55:51,112 - WARNING - Unicode decode error: 'utf-8' codec can't decode byte 0xb5 in position 4: invalid start byte, skipping this chunk
2025-08-04 17:55:51,112 - WARNING - Unicode decode error: 'utf-8' codec can't decode byte 0xcd in position 0: invalid continuation byte, skipping this chunk
2025-08-04 17:55:51,351 - WARNING - Unicode decode error: 'utf-8' codec can't decode byte 0xfd in position 1: invalid start byte, skipping this chunk
2025-08-04 17:55:51,352 - WARNING - Unicode decode error: 'utf-8' codec can't decode byte 0x8b in position 104: invalid start byte, skipping this chunk
2025-08-04 17:55:51,352 - WARNING - Unicode decode error: 'utf-8' codec can't decode byte 0xff in position 1: invalid start byte, skipping this chunk
2025-08-04 17:55:51,353 - WARNING - Unicode decode error: 'utf-8' codec can't decode byte 0xc2 in position 0: invalid continuation byte, skipping this chunk
2025-08-04 17:55:51,353 - WARNING - Unicode decode error: 'utf-8' codec can't decode byte 0xba in position 0: invalid start byte, skipping this chunk
2025-08-04 17:55:51,353 - WARNING - Unicode decode error: 'utf-8' codec can't decode byte 0xd3 in position 0: invalid continuation byte, skipping this chunk
2025-08-04 17:55:51,354 - WARNING - Unicode decode error: 'utf-8' codec can't decode byte 0xd2 in position 0: invalid continuation byte, skipping this chunk
2025-08-04 17:55:51,374 - WARNING - Unicode decode error: 'utf-8' codec can't decode byte 0xf3 in position 0: invalid continuation byte, skipping this chunk
2025-08-04 17:55:51,374 - WARNING - Unicode decode error: 'utf-8' codec can't decode byte 0xb3 in position 0: invalid start byte, skipping this chunk
2025-08-04 17:55:51,374 - WARNING - Unicode decode error: 'utf-8' codec can't decode byte 0x98 in position 6: invalid start byte, skipping this chunk
2025-08-04 17:55:51,375 - WARNING - Unicode decode error: 'utf-8' codec can't decode byte 0xea in position 0: invalid continuation byte, skipping this chunk
2025-08-04 17:55:51,375 - WARNING - Unicode decode error: 'utf-8' codec can't decode byte 0xc9 in position 0: invalid continuation byte, skipping this chunk
2025-08-04 17:55:51,376 - WARNING - Unicode decode error: 'utf-8' codec can't decode byte 0xe6 in position 2: invalid continuation byte, skipping this chunk
2025-08-04 17:55:51,380 - WARNING - Unicode decode error: 'utf-8' codec can't decode byte 0xe3 in position 2: invalid continuation byte, skipping this chunk
2025-08-04 17:55:51,380 - WARNING - Unicode decode error: 'utf-8' codec can't decode byte 0xfc in position 1: invalid start byte, skipping this chunk
2025-08-04 17:55:51,381 - WARNING - Unicode decode error: 'utf-8' codec can't decode byte 0xde in position 0: invalid continuation byte, skipping this chunk
2025-08-04 17:55:51,381 - WARNING - Unicode decode error: 'utf-8' codec can't decode byte 0xfd in position 1: invalid start byte, skipping this chunk
2025-08-04 17:55:51,382 - WARNING - Unicode decode error: 'utf-8' codec can't decode byte 0xbd in position 0: invalid start byte, skipping this chunk
2025-08-04 17:55:51,382 - WARNING - Unicode decode error: 'utf-8' codec can't decode byte 0xc4 in position 0: invalid continuation byte, skipping this chunk
2025-08-04 17:55:51,385 - WARNING - Unicode decode error: 'utf-8' codec can't decode byte 0xb5 in position 0: invalid start byte, skipping this chunk
2025-08-04 17:55:51,386 - WARNING - Unicode decode error: 'utf-8' codec can't decode byte 0xaa in position 0: invalid start byte, skipping this chunk
2025-08-04 17:55:51,386 - WARNING - Unicode decode error: 'utf-8' codec can't decode byte 0xad in position 0: invalid start byte, skipping this chunk
2025-08-04 17:55:51,563 - INFO - Played audio chunk: 9600 bytes (packet #50)
2025-08-04 17:55:51,580 - WARNING - Unicode decode error: 'utf-8' codec can't decode byte 0xbc in position 102: invalid start byte, skipping this chunk
2025-08-04 17:55:51,580 - WARNING - Unicode decode error: 'utf-8' codec can't decode byte 0xea in position 10: invalid continuation byte, skipping this chunk
2025-08-04 17:55:51,581 - WARNING - Unicode decode error: 'utf-8' codec can't decode byte 0xd3 in position 2: invalid continuation byte, skipping this chunk
2025-08-04 17:55:51,584 - WARNING - Unicode decode error: 'utf-8' codec can't decode byte 0xce in position 0: invalid continuation byte, skipping this chunk
2025-08-04 17:55:51,584 - WARNING - Unicode decode error: 'utf-8' codec can't decode byte 0xff in position 1: invalid start byte, skipping this chunk
2025-08-04 17:55:51,585 - WARNING - Unicode decode error: 'utf-8' codec can't decode byte 0xf3 in position 0: invalid continuation byte, skipping this chunk
2025-08-04 17:55:51,817 - WARNING - Unicode decode error: 'utf-8' codec can't decode byte 0xff in position 1: invalid start byte, skipping this chunk
2025-08-04 17:55:51,818 - WARNING - Unicode decode error: 'utf-8' codec can't decode byte 0xcf in position 102: invalid continuation byte, skipping this chunk
2025-08-04 17:55:51,818 - WARNING - Unicode decode error: 'utf-8' codec can't decode byte 0xff in position 1: invalid start byte, skipping this chunk
2025-08-04 17:55:51,818 - WARNING - Unicode decode error: 'utf-8' codec can't decode byte 0x96 in position 10: invalid start byte, skipping this chunk
2025-08-04 17:55:51,819 - WARNING - Unicode decode error: 'utf-8' codec can't decode byte 0xff in position 1: invalid start byte, skipping this chunk
2025-08-04 17:55:51,819 - WARNING - Unicode decode error: 'utf-8' codec can't decode byte 0xd6 in position 0: invalid continuation byte, skipping this chunk
2025-08-04 17:55:51,820 - WARNING - Unicode decode error: 'utf-8' codec can't decode byte 0xd2 in position 0: invalid continuation byte, skipping this chunk
2025-08-04 17:55:51,839 - WARNING - Unicode decode error: 'utf-8' codec can't decode byte 0xc2 in position 0: invalid continuation byte, skipping this chunk
2025-08-04 17:55:51,839 - WARNING - Unicode decode error: 'utf-8' codec can't decode byte 0xff in position 0: invalid start byte, skipping this chunk
2025-08-04 17:55:51,840 - WARNING - Unicode decode error: 'utf-8' codec can't decode byte 0xfc in position 1: invalid start byte, skipping this chunk
2025-08-04 17:55:51,840 - WARNING - Unicode decode error: 'utf-8' codec can't decode byte 0x93 in position 2: invalid start byte, skipping this chunk
2025-08-04 17:55:51,841 - WARNING - Unicode decode error: 'utf-8' codec can't decode byte 0xfe in position 1: invalid start byte, skipping this chunk
2025-08-04 17:55:51,841 - WARNING - Unicode decode error: 'utf-8' codec can't decode byte 0xfa in position 6: invalid start byte, skipping this chunk
2025-08-04 17:55:51,844 - WARNING - Unicode decode error: 'utf-8' codec can't decode byte 0x8d in position 0: invalid start byte, skipping this chunk
2025-08-04 17:55:51,844 - WARNING - Unicode decode error: 'utf-8' codec can't decode byte 0xf7 in position 0: invalid start byte, skipping this chunk
2025-08-04 17:55:52,102 - INFO - Played audio chunk: 9600 bytes (packet #51)
2025-08-04 17:55:52,102 - WARNING - Unicode decode error: 'utf-8' codec can't decode byte 0xff in position 103: invalid start byte, skipping this chunk
2025-08-04 17:55:52,103 - WARNING - Unicode decode error: 'utf-8' codec can't decode byte 0xe5 in position 0: invalid continuation byte, skipping this chunk
2025-08-04 17:55:52,103 - WARNING - Unicode decode error: 'utf-8' codec can't decode byte 0xea in position 1: invalid continuation byte, skipping this chunk
2025-08-04 17:55:52,104 - WARNING - Unicode decode error: 'utf-8' codec can't decode byte 0xbc in position 0: invalid start byte, skipping this chunk
2025-08-04 17:55:52,104 - WARNING - Unicode decode error: 'utf-8' codec can't decode byte 0xa5 in position 0: invalid start byte, skipping this chunk
2025-08-04 17:55:52,110 - WARNING - Unicode decode error: 'utf-8' codec can't decode byte 0xb6 in position 2: invalid start byte, skipping this chunk
2025-08-04 17:55:52,110 - WARNING - Unicode decode error: 'utf-8' codec can't decode byte 0xef in position 1: invalid continuation byte, skipping this chunk
2025-08-04 17:55:52,111 - WARNING - Unicode decode error: 'utf-8' codec can't decode byte 0xfa in position 1: invalid start byte, skipping this chunk
2025-08-04 17:55:52,116 - WARNING - Unicode decode error: 'utf-8' codec can't decode byte 0xf8 in position 1: invalid start byte, skipping this chunk
2025-08-04 17:55:52,116 - WARNING - Unicode decode error: 'utf-8' codec can't decode byte 0xd9 in position 1: invalid continuation byte, skipping this chunk
2025-08-04 17:55:52,116 - WARNING - Unicode decode error: 'utf-8' codec can't decode byte 0xca in position 1: invalid continuation byte, skipping this chunk
2025-08-04 17:55:52,116 - WARNING - Unicode decode error: 'utf-8' codec can't decode byte 0xe8 in position 0: invalid continuation byte, skipping this chunk
2025-08-04 17:55:52,141 - WARNING - Unicode decode error: 'utf-8' codec can't decode byte 0xca in position 103: invalid continuation byte, skipping this chunk
2025-08-04 17:55:52,142 - WARNING - Unicode decode error: 'utf-8' codec can't decode byte 0xfc in position 3: invalid start byte, skipping this chunk
2025-08-04 17:55:52,142 - WARNING - Unicode decode error: 'utf-8' codec can't decode byte 0x9a in position 0: invalid start byte, skipping this chunk
2025-08-04 17:55:52,145 - WARNING - Unicode decode error: 'utf-8' codec can't decode byte 0xca in position 1: invalid continuation byte, skipping this chunk
2025-08-04 17:55:52,145 - WARNING - Unicode decode error: 'utf-8' codec can't decode byte 0xe5 in position 0: invalid continuation byte, skipping this chunk
2025-08-04 17:55:52,149 - WARNING - Unicode decode error: 'utf-8' codec can't decode byte 0xe6 in position 1: invalid continuation byte, skipping this chunk
2025-08-04 17:55:52,159 - WARNING - Unicode decode error: 'utf-8' codec can't decode byte 0xa7 in position 0: invalid start byte, skipping this chunk
2025-08-04 17:55:52,362 - INFO - Played audio chunk: 9600 bytes (packet #52)
2025-08-04 17:55:52,363 - WARNING - Unicode decode error: 'utf-8' codec can't decode byte 0xd9 in position 103: invalid continuation byte, skipping this chunk
2025-08-04 17:55:52,363 - WARNING - Unicode decode error: 'utf-8' codec can't decode byte 0xca in position 1: invalid continuation byte, skipping this chunk
2025-08-04 17:55:52,363 - WARNING - Unicode decode error: 'utf-8' codec can't decode byte 0xb7 in position 0: invalid start byte, skipping this chunk
2025-08-04 17:55:52,364 - WARNING - Unicode decode error: 'utf-8' codec can't decode byte 0xe8 in position 0: invalid continuation byte, skipping this chunk
2025-08-04 17:55:52,364 - WARNING - Unicode decode error: 'utf-8' codec can't decode byte 0xe4 in position 1: invalid continuation byte, skipping this chunk
2025-08-04 17:55:52,364 - WARNING - Unicode decode error: 'utf-8' codec can't decode byte 0xe8 in position 0: invalid continuation byte, skipping this chunk
2025-08-04 17:55:52,471 - INFO - Played audio chunk: 9600 bytes (packet #53)
2025-08-04 17:55:52,659 - INFO - Played audio chunk: 9600 bytes (packet #54)
2025-08-04 17:55:52,699 - INFO - Played audio chunk: 9600 bytes (packet #55)
2025-08-04 17:55:52,699 - WARNING - Unicode decode error: 'utf-8' codec can't decode byte 0x87 in position 102: invalid start byte, skipping this chunk
2025-08-04 17:55:52,700 - WARNING - Unicode decode error: 'utf-8' codec can't decode byte 0xf4 in position 2: invalid continuation byte, skipping this chunk
2025-08-04 17:55:52,700 - WARNING - Unicode decode error: 'utf-8' codec can't decode byte 0xeb in position 4: invalid continuation byte, skipping this chunk
2025-08-04 17:55:52,701 - WARNING - Unicode decode error: 'utf-8' codec can't decode byte 0xe0 in position 0: invalid continuation byte, skipping this chunk
2025-08-04 17:55:52,701 - WARNING - Unicode decode error: 'utf-8' codec can't decode byte 0x80 in position 0: invalid start byte, skipping this chunk
2025-08-04 17:55:52,703 - WARNING - Unicode decode error: 'utf-8' codec can't decode byte 0xfa in position 0: invalid start byte, skipping this chunk
2025-08-04 17:55:52,703 - WARNING - Unicode decode error: 'utf-8' codec can't decode byte 0xdb in position 0: invalid continuation byte, skipping this chunk
2025-08-04 17:55:52,706 - WARNING - Unicode decode error: 'utf-8' codec can't decode byte 0xb4 in position 0: invalid start byte, skipping this chunk
2025-08-04 17:55:53,102 - INFO - Played audio chunk: 9600 bytes (packet #56)
2025-08-04 17:55:53,103 - WARNING - Unicode decode error: 'utf-8' codec can't decode byte 0xfd in position 102: invalid start byte, skipping this chunk
2025-08-04 17:55:53,104 - WARNING - Unicode decode error: 'utf-8' codec can't decode byte 0xfe in position 1: invalid start byte, skipping this chunk
2025-08-04 17:55:53,104 - WARNING - Unicode decode error: 'utf-8' codec can't decode byte 0xbb in position 0: invalid start byte, skipping this chunk
2025-08-04 17:55:53,105 - WARNING - Unicode decode error: 'utf-8' codec can't decode byte 0xfe in position 1: invalid start byte, skipping this chunk
2025-08-04 17:55:53,105 - WARNING - Unicode decode error: 'utf-8' codec can't decode byte 0xcd in position 0: invalid continuation byte, skipping this chunk
2025-08-04 17:55:53,108 - WARNING - Unicode decode error: 'utf-8' codec can't decode byte 0x9b in position 0: invalid start byte, skipping this chunk
2025-08-04 17:55:53,108 - WARNING - Unicode decode error: 'utf-8' codec can't decode byte 0x9b in position 0: invalid start byte, skipping this chunk
2025-08-04 17:55:53,109 - WARNING - Unicode decode error: 'utf-8' codec can't decode byte 0xc0 in position 0: invalid start byte, skipping this chunk
2025-08-04 17:55:53,113 - WARNING - Unicode decode error: 'utf-8' codec can't decode byte 0xe0 in position 0: invalid continuation byte, skipping this chunk
2025-08-04 17:55:53,113 - WARNING - Unicode decode error: 'utf-8' codec can't decode byte 0xe1 in position 2: invalid continuation byte, skipping this chunk
2025-08-04 17:55:53,113 - WARNING - Unicode decode error: 'utf-8' codec can't decode byte 0xff in position 1: invalid start byte, skipping this chunk
2025-08-04 17:55:53,114 - WARNING - Unicode decode error: 'utf-8' codec can't decode byte 0xfe in position 1: invalid start byte, skipping this chunk
2025-08-04 17:55:53,114 - WARNING - Unicode decode error: 'utf-8' codec can't decode byte 0x9b in position 0: invalid start byte, skipping this chunk
2025-08-04 17:55:53,161 - INFO - Played audio chunk: 9600 bytes (packet #57)
2025-08-04 17:55:53,363 - INFO - Played audio chunk: 9600 bytes (packet #58)
2025-08-04 17:55:53,373 - WARNING - Unicode decode error: 'utf-8' codec can't decode byte 0xfb in position 103: invalid start byte, skipping this chunk
2025-08-04 17:55:53,373 - WARNING - Unicode decode error: 'utf-8' codec can't decode byte 0xd0 in position 0: invalid continuation byte, skipping this chunk
2025-08-04 17:55:53,374 - WARNING - Unicode decode error: 'utf-8' codec can't decode byte 0x91 in position 6: invalid start byte, skipping this chunk
2025-08-04 17:55:53,374 - WARNING - Unicode decode error: 'utf-8' codec can't decode byte 0xf0 in position 0: invalid continuation byte, skipping this chunk
2025-08-04 17:55:53,375 - WARNING - Unicode decode error: 'utf-8' codec can't decode byte 0xe5 in position 2: invalid continuation byte, skipping this chunk
2025-08-04 17:55:53,375 - WARNING - Unicode decode error: 'utf-8' codec can't decode byte 0xff in position 1: invalid start byte, skipping this chunk
2025-08-04 17:55:53,574 - WARNING - Unicode decode error: 'utf-8' codec can't decode byte 0x8d in position 0: invalid start byte, skipping this chunk
2025-08-04 17:55:53,579 - WARNING - Unicode decode error: 'utf-8' codec can't decode byte 0xeb in position 116: invalid continuation byte, skipping this chunk
2025-08-04 17:55:53,579 - WARNING - Unicode decode error: 'utf-8' codec can't decode byte 0xfe in position 1: invalid start byte, skipping this chunk
2025-08-04 17:55:53,580 - WARNING - Unicode decode error: 'utf-8' codec can't decode byte 0xd8 in position 0: invalid continuation byte, skipping this chunk
2025-08-04 17:55:53,580 - WARNING - Unicode decode error: 'utf-8' codec can't decode byte 0xfe in position 1: invalid start byte, skipping this chunk
2025-08-04 17:55:53,580 - WARNING - Unicode decode error: 'utf-8' codec can't decode byte 0xf5 in position 1: invalid start byte, skipping this chunk
2025-08-04 17:55:53,581 - WARNING - Unicode decode error: 'utf-8' codec can't decode byte 0xee in position 1: invalid continuation byte, skipping this chunk
2025-08-04 17:55:53,589 - WARNING - Unicode decode error: 'utf-8' codec can't decode byte 0xca in position 1: invalid continuation byte, skipping this chunk
2025-08-04 17:55:53,611 - WARNING - Unicode decode error: 'utf-8' codec can't decode byte 0xd1 in position 102: invalid continuation byte, skipping this chunk
2025-08-04 17:55:53,611 - WARNING - Unicode decode error: 'utf-8' codec can't decode byte 0xcf in position 1: invalid continuation byte, skipping this chunk
2025-08-04 17:55:53,612 - WARNING - Unicode decode error: 'utf-8' codec can't decode byte 0xce in position 0: invalid continuation byte, skipping this chunk
2025-08-04 17:55:53,612 - WARNING - Unicode decode error: 'utf-8' codec can't decode byte 0xeb in position 0: invalid continuation byte, skipping this chunk
2025-08-04 17:55:53,613 - WARNING - Unicode decode error: 'utf-8' codec can't decode byte 0xac in position 0: invalid start byte, skipping this chunk
2025-08-04 17:55:53,613 - WARNING - Unicode decode error: 'utf-8' codec can't decode byte 0x9b in position 4: invalid start byte, skipping this chunk
2025-08-04 17:55:53,614 - WARNING - Unicode decode error: 'utf-8' codec can't decode byte 0xe8 in position 0: invalid continuation byte, skipping this chunk
2025-08-04 17:55:53,866 - INFO - Played audio chunk: 9600 bytes (packet #59)
2025-08-04 17:55:53,866 - WARNING - Unicode decode error: 'utf-8' codec can't decode byte 0xfa in position 103: invalid start byte, skipping this chunk
2025-08-04 17:55:53,874 - WARNING - Unicode decode error: 'utf-8' codec can't decode byte 0xb4 in position 0: invalid start byte, skipping this chunk
2025-08-04 17:55:53,874 - WARNING - Unicode decode error: 'utf-8' codec can't decode byte 0xfe in position 1: invalid start byte, skipping this chunk
2025-08-04 17:55:53,874 - WARNING - Unicode decode error: 'utf-8' codec can't decode byte 0xd8 in position 0: invalid continuation byte, skipping this chunk
2025-08-04 17:55:53,874 - WARNING - Unicode decode error: 'utf-8' codec can't decode byte 0xbd in position 0: invalid start byte, skipping this chunk
2025-08-04 17:55:53,878 - WARNING - Unicode decode error: 'utf-8' codec can't decode byte 0xe8 in position 0: invalid continuation byte, skipping this chunk
2025-08-04 17:55:53,878 - WARNING - Unicode decode error: 'utf-8' codec can't decode byte 0xb7 in position 0: invalid start byte, skipping this chunk
2025-08-04 17:55:53,879 - WARNING - Unicode decode error: 'utf-8' codec can't decode byte 0xec in position 0: invalid continuation byte, skipping this chunk
2025-08-04 17:55:53,886 - WARNING - Unicode decode error: 'utf-8' codec can't decode byte 0xa3 in position 0: invalid start byte, skipping this chunk
2025-08-04 17:55:53,886 - WARNING - Unicode decode error: 'utf-8' codec can't decode byte 0xf7 in position 2: invalid start byte, skipping this chunk
2025-08-04 17:55:54,086 - INFO - Played audio chunk: 9600 bytes (packet #60)
2025-08-04 17:55:54,086 - WARNING - Unicode decode error: 'utf-8' codec can't decode byte 0xfd in position 102: invalid start byte, skipping this chunk
2025-08-04 17:55:54,087 - WARNING - Unicode decode error: 'utf-8' codec can't decode byte 0xfe in position 1: invalid start byte, skipping this chunk
2025-08-04 17:55:54,087 - WARNING - Unicode decode error: 'utf-8' codec can't decode byte 0x94 in position 0: invalid start byte, skipping this chunk
2025-08-04 17:55:54,088 - WARNING - Unicode decode error: 'utf-8' codec can't decode byte 0xdd in position 0: invalid continuation byte, skipping this chunk
2025-08-04 17:55:54,088 - WARNING - Unicode decode error: 'utf-8' codec can't decode byte 0xf9 in position 0: invalid start byte, skipping this chunk
2025-08-04 17:55:54,088 - WARNING - Unicode decode error: 'utf-8' codec can't decode byte 0xf5 in position 6: invalid start byte, skipping this chunk
2025-08-04 17:55:54,089 - WARNING - Unicode decode error: 'utf-8' codec can't decode byte 0xa0 in position 2: invalid start byte, skipping this chunk
2025-08-04 17:55:54,093 - WARNING - Unicode decode error: 'utf-8' codec can't decode byte 0xed in position 0: invalid continuation byte, skipping this chunk
2025-08-04 17:55:54,183 - INFO - Played audio chunk: 9600 bytes (packet #61)
2025-08-04 17:55:54,297 - INFO - Played audio chunk: 9600 bytes (packet #62)
2025-08-04 17:55:54,405 - INFO - Played audio chunk: 9600 bytes (packet #63)
2025-08-04 17:55:54,548 - INFO - Played audio chunk: 9600 bytes (packet #64)
2025-08-04 17:55:54,634 - INFO - Played audio chunk: 9600 bytes (packet #65)
2025-08-04 17:55:54,754 - INFO - Played audio chunk: 9600 bytes (packet #66)
2025-08-04 17:55:54,754 - WARNING - Unicode decode error: 'utf-8' codec can't decode byte 0x95 in position 102: invalid start byte, skipping this chunk
2025-08-04 17:55:54,754 - WARNING - Unicode decode error: 'utf-8' codec can't decode byte 0xda in position 2: invalid continuation byte, skipping this chunk
2025-08-04 17:55:54,754 - WARNING - Unicode decode error: 'utf-8' codec can't decode byte 0xc3 in position 0: invalid continuation byte, skipping this chunk
2025-08-04 17:55:54,755 - WARNING - Unicode decode error: 'utf-8' codec can't decode byte 0x83 in position 6: invalid start byte, skipping this chunk
2025-08-04 17:55:54,755 - WARNING - Unicode decode error: 'utf-8' codec can't decode byte 0xd8 in position 0: invalid continuation byte, skipping this chunk
2025-08-04 17:55:54,756 - WARNING - Unicode decode error: 'utf-8' codec can't decode byte 0xc1 in position 0: invalid start byte, skipping this chunk
2025-08-04 17:55:54,756 - WARNING - Unicode decode error: 'utf-8' codec can't decode byte 0xb2 in position 0: invalid start byte, skipping this chunk
2025-08-04 17:55:54,765 - WARNING - Unicode decode error: 'utf-8' codec can't decode byte 0xfe in position 1: invalid start byte, skipping this chunk
2025-08-04 17:55:54,865 - INFO - Played audio chunk: 9600 bytes (packet #67)
2025-08-04 17:55:55,002 - INFO - Played audio chunk: 9600 bytes (packet #68)
2025-08-04 17:55:55,114 - INFO - Played audio chunk: 9600 bytes (packet #69)
2025-08-04 17:55:55,205 - WARNING - Unicode decode error: 'utf-8' codec can't decode byte 0x88 in position 102: invalid start byte, skipping this chunk
2025-08-04 17:55:55,205 - WARNING - Unicode decode error: 'utf-8' codec can't decode byte 0xa8 in position 0: invalid start byte, skipping this chunk
2025-08-04 17:55:55,205 - WARNING - Unicode decode error: 'utf-8' codec can't decode byte 0x80 in position 0: invalid start byte, skipping this chunk
2025-08-04 17:55:55,209 - WARNING - Unicode decode error: 'utf-8' codec can't decode byte 0xa6 in position 0: invalid start byte, skipping this chunk
2025-08-04 17:55:55,214 - WARNING - Unicode decode error: 'utf-8' codec can't decode byte 0xc8 in position 10: invalid continuation byte, skipping this chunk
2025-08-04 17:55:55,333 - WARNING - Unicode decode error: 'utf-8' codec can't decode byte 0xff in position 103: invalid start byte, skipping this chunk
2025-08-04 17:55:55,334 - WARNING - Unicode decode error: 'utf-8' codec can't decode byte 0xa6 in position 4: invalid start byte, skipping this chunk
2025-08-04 17:55:55,334 - WARNING - Unicode decode error: 'utf-8' codec can't decode byte 0xb2 in position 2: invalid start byte, skipping this chunk
2025-08-04 17:55:55,341 - WARNING - Unicode decode error: 'utf-8' codec can't decode byte 0xd9 in position 0: invalid continuation byte, skipping this chunk
2025-08-04 17:55:55,470 - WARNING - Unicode decode error: 'utf-8' codec can't decode byte 0x9c in position 102: invalid start byte, skipping this chunk
2025-08-04 17:55:55,470 - WARNING - Unicode decode error: 'utf-8' codec can't decode byte 0xfe in position 1: invalid start byte, skipping this chunk
2025-08-04 17:55:55,471 - WARNING - Unicode decode error: 'utf-8' codec can't decode byte 0xbe in position 0: invalid start byte, skipping this chunk
2025-08-04 17:55:55,471 - WARNING - Unicode decode error: 'utf-8' codec can't decode byte 0xa9 in position 0: invalid start byte, skipping this chunk
2025-08-04 17:55:55,472 - WARNING - Unicode decode error: 'utf-8' codec can't decode byte 0xbc in position 0: invalid start byte, skipping this chunk
2025-08-04 17:55:55,473 - WARNING - Unicode decode error: 'utf-8' codec can't decode byte 0xf5 in position 0: invalid start byte, skipping this chunk
2025-08-04 17:55:55,474 - WARNING - Unicode decode error: 'utf-8' codec can't decode byte 0xb9 in position 0: invalid start byte, skipping this chunk
2025-08-04 17:55:55,474 - WARNING - Unicode decode error: 'utf-8' codec can't decode byte 0xe8 in position 0: invalid continuation byte, skipping this chunk
2025-08-04 17:55:55,483 - WARNING - Unicode decode error: 'utf-8' codec can't decode byte 0x8e in position 0: invalid start byte, skipping this chunk
2025-08-04 17:55:55,483 - WARNING - Unicode decode error: 'utf-8' codec can't decode byte 0xe9 in position 0: invalid continuation byte, skipping this chunk
2025-08-04 17:55:55,487 - WARNING - Unicode decode error: 'utf-8' codec can't decode byte 0xfa in position 0: invalid start byte, skipping this chunk
2025-08-04 17:55:55,488 - WARNING - Unicode decode error: 'utf-8' codec can't decode byte 0xff in position 2: invalid start byte, skipping this chunk
2025-08-04 17:55:55,588 - INFO - Played audio chunk: 9600 bytes (packet #70)
2025-08-04 17:55:55,708 - INFO - Played audio chunk: 9600 bytes (packet #71)
2025-08-04 17:55:55,781 - INFO - Played audio chunk: 9600 bytes (packet #72)
2025-08-04 17:55:55,927 - INFO - Played audio chunk: 9600 bytes (packet #73)
2025-08-04 17:55:56,019 - INFO - Played audio chunk: 9600 bytes (packet #74)
2025-08-04 17:55:56,129 - INFO - Played audio chunk: 9600 bytes (packet #75)
2025-08-04 17:55:56,129 - WARNING - Unicode decode error: 'utf-8' codec can't decode byte 0xbe in position 102: invalid start byte, skipping this chunk
2025-08-04 17:55:56,129 - WARNING - Unicode decode error: 'utf-8' codec can't decode byte 0x9a in position 0: invalid start byte, skipping this chunk
2025-08-04 17:55:56,130 - WARNING - Unicode decode error: 'utf-8' codec can't decode byte 0xef in position 0: invalid continuation byte, skipping this chunk
2025-08-04 17:55:56,130 - WARNING - Unicode decode error: 'utf-8' codec can't decode byte 0xae in position 0: invalid start byte, skipping this chunk
2025-08-04 17:55:56,135 - WARNING - Unicode decode error: 'utf-8' codec can't decode byte 0xc5 in position 2: invalid continuation byte, skipping this chunk
2025-08-04 17:55:56,136 - WARNING - Unicode decode error: 'utf-8' codec can't decode byte 0xa5 in position 0: invalid start byte, skipping this chunk
2025-08-04 17:55:56,137 - WARNING - Unicode decode error: 'utf-8' codec can't decode byte 0xbc in position 0: invalid start byte, skipping this chunk
2025-08-04 17:55:56,139 - WARNING - Unicode decode error: 'utf-8' codec can't decode byte 0xc3 in position 0: invalid continuation byte, skipping this chunk
2025-08-04 17:55:56,226 - INFO - Played audio chunk: 9600 bytes (packet #76)
2025-08-04 17:55:56,456 - INFO - Played audio chunk: 9600 bytes (packet #77)
2025-08-04 17:55:56,456 - WARNING - Unicode decode error: 'utf-8' codec can't decode byte 0xb9 in position 102: invalid start byte, skipping this chunk
2025-08-04 17:55:56,457 - WARNING - Unicode decode error: 'utf-8' codec can't decode byte 0xfc in position 0: invalid start byte, skipping this chunk
2025-08-04 17:55:56,464 - WARNING - Unicode decode error: 'utf-8' codec can't decode byte 0xf5 in position 0: invalid start byte, skipping this chunk
2025-08-04 17:55:56,464 - WARNING - Unicode decode error: 'utf-8' codec can't decode byte 0x99 in position 2: invalid start byte, skipping this chunk
2025-08-04 17:55:56,465 - WARNING - Unicode decode error: 'utf-8' codec can't decode byte 0xb3 in position 0: invalid start byte, skipping this chunk
2025-08-04 17:55:56,465 - WARNING - Unicode decode error: 'utf-8' codec can't decode byte 0xfe in position 2: invalid start byte, skipping this chunk
2025-08-04 17:55:56,804 - INFO - Played audio chunk: 9600 bytes (packet #78)
2025-08-04 17:55:56,804 - WARNING - Unicode decode error: 'utf-8' codec can't decode byte 0x86 in position 102: invalid start byte, skipping this chunk
2025-08-04 17:55:56,804 - WARNING - Unicode decode error: 'utf-8' codec can't decode byte 0xcb in position 6: invalid continuation byte, skipping this chunk
2025-08-04 17:55:56,804 - WARNING - Unicode decode error: 'utf-8' codec can't decode byte 0xff in position 1: invalid start byte, skipping this chunk
2025-08-04 17:55:56,804 - WARNING - Unicode decode error: 'utf-8' codec can't decode byte 0xe1 in position 0: invalid continuation byte, skipping this chunk
2025-08-04 17:55:56,805 - WARNING - Unicode decode error: 'utf-8' codec can't decode byte 0xaf in position 2: invalid start byte, skipping this chunk
2025-08-04 17:55:56,923 - WARNING - Unicode decode error: 'utf-8' codec can't decode byte 0xc1 in position 102: invalid start byte, skipping this chunk
2025-08-04 17:55:56,923 - WARNING - Unicode decode error: 'utf-8' codec can't decode byte 0xfe in position 1: invalid start byte, skipping this chunk
2025-08-04 17:55:56,924 - WARNING - Unicode decode error: 'utf-8' codec can't decode byte 0x89 in position 2: invalid start byte, skipping this chunk
2025-08-04 17:55:56,924 - WARNING - Unicode decode error: 'utf-8' codec can't decode byte 0xcc in position 0: invalid continuation byte, skipping this chunk
2025-08-04 17:55:56,939 - WARNING - Unicode decode error: 'utf-8' codec can't decode byte 0xf8 in position 0: invalid start byte, skipping this chunk
2025-08-04 17:55:57,019 - WARNING - Unicode decode error: 'utf-8' codec can't decode byte 0xa9 in position 0: invalid start byte, skipping this chunk
2025-08-04 17:55:57,019 - WARNING - Unicode decode error: 'utf-8' codec can't decode byte 0xa1 in position 2: invalid start byte, skipping this chunk
2025-08-04 17:55:57,019 - WARNING - Unicode decode error: 'utf-8' codec can't decode byte 0x90 in position 8: invalid start byte, skipping this chunk
2025-08-04 17:55:57,020 - WARNING - Unicode decode error: 'utf-8' codec can't decode byte 0xd0 in position 0: invalid continuation byte, skipping this chunk
2025-08-04 17:55:57,020 - WARNING - Unicode decode error: 'utf-8' codec can't decode byte 0x8c in position 2: invalid start byte, skipping this chunk
2025-08-04 17:55:57,023 - WARNING - Unicode decode error: 'utf-8' codec can't decode byte 0xa3 in position 0: invalid start byte, skipping this chunk
2025-08-04 17:55:57,023 - WARNING - Unicode decode error: 'utf-8' codec can't decode byte 0xff in position 1: invalid start byte, skipping this chunk
2025-08-04 17:55:57,189 - INFO - Played audio chunk: 9600 bytes (packet #79)
2025-08-04 17:55:57,189 - WARNING - Unicode decode error: 'utf-8' codec can't decode byte 0xff in position 103: invalid start byte, skipping this chunk
2025-08-04 17:55:57,190 - WARNING - Unicode decode error: 'utf-8' codec can't decode byte 0xe7 in position 0: invalid continuation byte, skipping this chunk
2025-08-04 17:55:57,192 - WARNING - Unicode decode error: 'utf-8' codec can't decode byte 0xd4 in position 22: invalid continuation byte, skipping this chunk
2025-08-04 17:55:57,193 - WARNING - Unicode decode error: 'utf-8' codec can't decode byte 0xa2 in position 2: invalid start byte, skipping this chunk
2025-08-04 17:55:57,193 - WARNING - Unicode decode error: 'utf-8' codec can't decode byte 0xa2 in position 0: invalid start byte, skipping this chunk
2025-08-04 17:55:57,194 - WARNING - Unicode decode error: 'utf-8' codec can't decode byte 0xc6 in position 2: invalid continuation byte, skipping this chunk
2025-08-04 17:55:57,199 - WARNING - Unicode decode error: 'utf-8' codec can't decode byte 0x8c in position 0: invalid start byte, skipping this chunk
2025-08-04 17:55:57,207 - WARNING - Unicode decode error: 'utf-8' codec can't decode byte 0xf1 in position 10: invalid continuation byte, skipping this chunk
2025-08-04 17:55:57,265 - WARNING - Unicode decode error: 'utf-8' codec can't decode byte 0xe1 in position 102: invalid continuation byte, skipping this chunk
2025-08-04 17:55:57,266 - WARNING - Unicode decode error: 'utf-8' codec can't decode byte 0xef in position 0: invalid continuation byte, skipping this chunk
2025-08-04 17:55:57,269 - WARNING - Unicode decode error: 'utf-8' codec can't decode byte 0x93 in position 0: invalid start byte, skipping this chunk
2025-08-04 17:55:57,269 - WARNING - Unicode decode error: 'utf-8' codec can't decode byte 0xfe in position 1: invalid start byte, skipping this chunk
2025-08-04 17:55:57,284 - WARNING - Unicode decode error: 'utf-8' codec can't decode byte 0xe0 in position 0: invalid continuation byte, skipping this chunk
2025-08-04 17:55:57,359 - WARNING - Unicode decode error: 'utf-8' codec can't decode byte 0xeb in position 102: invalid continuation byte, skipping this chunk
2025-08-04 17:55:57,387 - WARNING - Unicode decode error: 'utf-8' codec can't decode byte 0xdd in position 2: invalid continuation byte, skipping this chunk
2025-08-04 17:55:57,387 - WARNING - Unicode decode error: 'utf-8' codec can't decode byte 0x8b in position 0: invalid start byte, skipping this chunk
2025-08-04 17:55:57,400 - WARNING - Unicode decode error: 'utf-8' codec can't decode byte 0xf5 in position 8: invalid start byte, skipping this chunk
2025-08-04 17:55:57,590 - INFO - Played audio chunk: 9600 bytes (packet #80)
2025-08-04 17:55:57,590 - WARNING - Unicode decode error: 'utf-8' codec can't decode byte 0xff in position 103: invalid start byte, skipping this chunk
2025-08-04 17:55:57,590 - WARNING - Unicode decode error: 'utf-8' codec can't decode byte 0x87 in position 0: invalid start byte, skipping this chunk
2025-08-04 17:55:57,590 - WARNING - Unicode decode error: 'utf-8' codec can't decode byte 0x88 in position 0: invalid start byte, skipping this chunk
2025-08-04 17:55:57,591 - WARNING - Unicode decode error: 'utf-8' codec can't decode byte 0xff in position 1: invalid start byte, skipping this chunk
2025-08-04 17:55:57,592 - WARNING - Unicode decode error: 'utf-8' codec can't decode byte 0xbd in position 2: invalid start byte, skipping this chunk
2025-08-04 17:55:57,593 - WARNING - Unicode decode error: 'utf-8' codec can't decode byte 0x8e in position 4: invalid start byte, skipping this chunk
2025-08-04 17:55:57,593 - WARNING - Unicode decode error: 'utf-8' codec can't decode byte 0xfa in position 10: invalid start byte, skipping this chunk
2025-08-04 17:55:57,631 - WARNING - Unicode decode error: 'utf-8' codec can't decode byte 0xfd in position 2: invalid start byte, skipping this chunk
2025-08-04 17:55:57,709 - INFO - Played audio chunk: 9600 bytes (packet #81)
2025-08-04 17:55:57,833 - INFO - Played audio chunk: 9600 bytes (packet #82)
2025-08-04 17:55:57,952 - INFO - Played audio chunk: 9600 bytes (packet #83)
2025-08-04 17:55:57,952 - WARNING - Unicode decode error: 'utf-8' codec can't decode byte 0xff in position 103: invalid start byte, skipping this chunk
2025-08-04 17:55:57,953 - WARNING - Unicode decode error: 'utf-8' codec can't decode byte 0xfe in position 1: invalid start byte, skipping this chunk
2025-08-04 17:55:57,953 - WARNING - Unicode decode error: 'utf-8' codec can't decode byte 0xf3 in position 4: invalid continuation byte, skipping this chunk
2025-08-04 17:55:57,954 - WARNING - Unicode decode error: 'utf-8' codec can't decode byte 0xec in position 0: invalid continuation byte, skipping this chunk
2025-08-04 17:55:57,960 - WARNING - Unicode decode error: 'utf-8' codec can't decode byte 0xa0 in position 0: invalid start byte, skipping this chunk
2025-08-04 17:55:57,961 - WARNING - Unicode decode error: 'utf-8' codec can't decode byte 0xa5 in position 0: invalid start byte, skipping this chunk
2025-08-04 17:55:57,961 - WARNING - Unicode decode error: 'utf-8' codec can't decode byte 0xf9 in position 1: invalid start byte, skipping this chunk
2025-08-04 17:55:57,965 - WARNING - Unicode decode error: 'utf-8' codec can't decode byte 0x90 in position 0: invalid start byte, skipping this chunk
2025-08-04 17:55:58,164 - INFO - Played audio chunk: 9600 bytes (packet #84)
2025-08-04 17:55:58,164 - WARNING - Unicode decode error: 'utf-8' codec can't decode byte 0xf2 in position 102: invalid continuation byte, skipping this chunk
2025-08-04 17:55:58,164 - WARNING - Unicode decode error: 'utf-8' codec can't decode byte 0xdf in position 2: invalid continuation byte, skipping this chunk
2025-08-04 17:55:58,165 - WARNING - Unicode decode error: 'utf-8' codec can't decode byte 0xca in position 1: invalid continuation byte, skipping this chunk
2025-08-04 17:55:58,165 - WARNING - Unicode decode error: 'utf-8' codec can't decode byte 0xd6 in position 0: invalid continuation byte, skipping this chunk
2025-08-04 17:55:58,166 - WARNING - Unicode decode error: 'utf-8' codec can't decode byte 0xa2 in position 0: invalid start byte, skipping this chunk
2025-08-04 17:55:58,166 - WARNING - Unicode decode error: 'utf-8' codec can't decode byte 0xce in position 0: invalid continuation byte, skipping this chunk
2025-08-04 17:55:58,171 - WARNING - Unicode decode error: 'utf-8' codec can't decode byte 0xe1 in position 0: invalid continuation byte, skipping this chunk
2025-08-04 17:55:58,309 - INFO - Played audio chunk: 9600 bytes (packet #85)
2025-08-04 17:55:58,425 - INFO - Played audio chunk: 9600 bytes (packet #86)
2025-08-04 17:55:58,725 - INFO - Played audio chunk: 9600 bytes (packet #87)
2025-08-04 17:55:58,725 - WARNING - Unicode decode error: 'utf-8' codec can't decode byte 0x9a in position 104: invalid start byte, skipping this chunk
2025-08-04 17:55:58,736 - WARNING - Unicode decode error: 'utf-8' codec can't decode byte 0xf8 in position 0: invalid start byte, skipping this chunk
2025-08-04 17:55:58,740 - WARNING - Unicode decode error: 'utf-8' codec can't decode byte 0x88 in position 0: invalid start byte, skipping this chunk
2025-08-04 17:55:58,773 - WARNING - Unicode decode error: 'utf-8' codec can't decode byte 0x89 in position 0: invalid start byte, skipping this chunk
2025-08-04 17:55:58,777 - WARNING - Unicode decode error: 'utf-8' codec can't decode byte 0xd5 in position 0: invalid continuation byte, skipping this chunk
2025-08-04 17:55:58,777 - WARNING - Unicode decode error: 'utf-8' codec can't decode byte 0xe2 in position 22: invalid continuation byte, skipping this chunk
2025-08-04 17:55:58,778 - WARNING - Unicode decode error: 'utf-8' codec can't decode byte 0xff in position 1: invalid start byte, skipping this chunk
2025-08-04 17:55:58,941 - WARNING - Unicode decode error: 'utf-8' codec can't decode byte 0xd2 in position 0: invalid continuation byte, skipping this chunk
2025-08-04 17:55:58,994 - WARNING - Unicode decode error: 'utf-8' codec can't decode byte 0xde in position 104: invalid continuation byte, skipping this chunk
2025-08-04 17:55:58,995 - WARNING - Unicode decode error: 'utf-8' codec can't decode byte 0x82 in position 0: invalid start byte, skipping this chunk
2025-08-04 17:55:58,996 - WARNING - Unicode decode error: 'utf-8' codec can't decode byte 0xee in position 0: invalid continuation byte, skipping this chunk
2025-08-04 17:55:58,997 - WARNING - Unicode decode error: 'utf-8' codec can't decode byte 0xff in position 1: invalid start byte, skipping this chunk
2025-08-04 17:55:58,998 - WARNING - Unicode decode error: 'utf-8' codec can't decode byte 0x98 in position 6: invalid start byte, skipping this chunk
2025-08-04 17:55:59,000 - WARNING - Unicode decode error: 'utf-8' codec can't decode byte 0x85 in position 0: invalid start byte, skipping this chunk
2025-08-04 17:55:59,001 - WARNING - Unicode decode error: 'utf-8' codec can't decode byte 0x93 in position 4: invalid start byte, skipping this chunk
2025-08-04 17:55:59,002 - WARNING - Unicode decode error: 'utf-8' codec can't decode byte 0xa1 in position 0: invalid start byte, skipping this chunk
2025-08-04 17:55:59,005 - WARNING - Unicode decode error: 'utf-8' codec can't decode byte 0xb4 in position 0: invalid start byte, skipping this chunk
2025-08-04 17:55:59,006 - WARNING - Unicode decode error: 'utf-8' codec can't decode byte 0xd7 in position 0: invalid continuation byte, skipping this chunk
2025-08-04 17:55:59,031 - WARNING - Unicode decode error: 'utf-8' codec can't decode byte 0xff in position 1: invalid start byte, skipping this chunk
2025-08-04 17:55:59,031 - WARNING - Unicode decode error: 'utf-8' codec can't decode byte 0x80 in position 4: invalid start byte, skipping this chunk
2025-08-04 17:55:59,032 - WARNING - Unicode decode error: 'utf-8' codec can't decode byte 0xfe in position 1: invalid start byte, skipping this chunk
2025-08-04 17:55:59,037 - WARNING - Unicode decode error: 'utf-8' codec can't decode byte 0xf7 in position 0: invalid start byte, skipping this chunk
2025-08-04 17:55:59,037 - WARNING - Unicode decode error: 'utf-8' codec can't decode byte 0xc2 in position 4: invalid continuation byte, skipping this chunk
2025-08-04 17:55:59,258 - INFO - Played audio chunk: 9600 bytes (packet #88)
2025-08-04 17:55:59,258 - WARNING - Unicode decode error: 'utf-8' codec can't decode byte 0xb6 in position 106: invalid start byte, skipping this chunk
2025-08-04 17:55:59,261 - WARNING - Unicode decode error: 'utf-8' codec can't decode byte 0xae in position 0: invalid start byte, skipping this chunk
2025-08-04 17:55:59,268 - WARNING - Unicode decode error: 'utf-8' codec can't decode byte 0xf5 in position 1: invalid start byte, skipping this chunk
2025-08-04 17:55:59,269 - WARNING - Unicode decode error: 'utf-8' codec can't decode byte 0xe2 in position 6: invalid continuation byte, skipping this chunk
2025-08-04 17:55:59,295 - WARNING - Unicode decode error: 'utf-8' codec can't decode byte 0xef in position 0: invalid continuation byte, skipping this chunk
2025-08-04 17:55:59,298 - WARNING - Unicode decode error: 'utf-8' codec can't decode byte 0x88 in position 0: invalid start byte, skipping this chunk
2025-08-04 17:55:59,299 - WARNING - Unicode decode error: 'utf-8' codec can't decode byte 0xf7 in position 0: invalid start byte, skipping this chunk
2025-08-04 17:55:59,299 - WARNING - Unicode decode error: 'utf-8' codec can't decode byte 0xa9 in position 0: invalid start byte, skipping this chunk
2025-08-04 17:55:59,300 - WARNING - Unicode decode error: 'utf-8' codec can't decode byte 0xbf in position 104: invalid start byte, skipping this chunk
2025-08-04 17:55:59,305 - WARNING - Unicode decode error: 'utf-8' codec can't decode byte 0xff in position 1: invalid start byte, skipping this chunk
2025-08-04 17:55:59,305 - WARNING - Unicode decode error: 'utf-8' codec can't decode byte 0xd4 in position 0: invalid continuation byte, skipping this chunk
2025-08-04 17:55:59,306 - WARNING - Unicode decode error: 'utf-8' codec can't decode byte 0xe1 in position 0: invalid continuation byte, skipping this chunk
2025-08-04 17:55:59,307 - WARNING - Unicode decode error: 'utf-8' codec can't decode byte 0x98 in position 0: invalid start byte, skipping this chunk
2025-08-04 17:55:59,309 - WARNING - Unicode decode error: 'utf-8' codec can't decode byte 0xff in position 1: invalid start byte, skipping this chunk
2025-08-04 17:55:59,519 - WARNING - Unicode decode error: 'utf-8' codec can't decode byte 0xff in position 2: invalid start byte, skipping this chunk
2025-08-04 17:55:59,521 - WARNING - Unicode decode error: 'utf-8' codec can't decode byte 0xe8 in position 104: invalid continuation byte, skipping this chunk
2025-08-04 17:55:59,521 - WARNING - Unicode decode error: 'utf-8' codec can't decode byte 0x99 in position 4: invalid start byte, skipping this chunk
2025-08-04 17:55:59,522 - WARNING - Unicode decode error: 'utf-8' codec can't decode byte 0xcc in position 0: invalid continuation byte, skipping this chunk
2025-08-04 17:55:59,538 - WARNING - Unicode decode error: 'utf-8' codec can't decode byte 0x88 in position 0: invalid start byte, skipping this chunk
2025-08-04 17:55:59,538 - WARNING - Unicode decode error: 'utf-8' codec can't decode byte 0xff in position 1: invalid start byte, skipping this chunk
2025-08-04 17:55:59,540 - WARNING - Unicode decode error: 'utf-8' codec can't decode byte 0xe6 in position 0: invalid continuation byte, skipping this chunk
2025-08-04 17:55:59,558 - WARNING - Unicode decode error: 'utf-8' codec can't decode byte 0xe2 in position 0: invalid continuation byte, skipping this chunk
2025-08-04 17:55:59,572 - WARNING - Unicode decode error: 'utf-8' codec can't decode byte 0xc4 in position 6: invalid continuation byte, skipping this chunk
2025-08-04 17:55:59,572 - WARNING - Unicode decode error: 'utf-8' codec can't decode byte 0xcb in position 0: invalid continuation byte, skipping this chunk
2025-08-04 17:55:59,573 - WARNING - Unicode decode error: 'utf-8' codec can't decode byte 0xb6 in position 0: invalid start byte, skipping this chunk
2025-08-04 17:55:59,573 - WARNING - Unicode decode error: 'utf-8' codec can't decode byte 0xff in position 0: invalid start byte, skipping this chunk
2025-08-04 17:55:59,574 - WARNING - Unicode decode error: 'utf-8' codec can't decode byte 0x9d in position 0: invalid start byte, skipping this chunk
2025-08-04 17:55:59,793 - WARNING - Unicode decode error: 'utf-8' codec can't decode byte 0xb1 in position 0: invalid start byte, skipping this chunk
2025-08-04 17:55:59,794 - WARNING - Unicode decode error: 'utf-8' codec can't decode byte 0xf5 in position 0: invalid start byte, skipping this chunk
2025-08-04 17:55:59,795 - WARNING - Unicode decode error: 'utf-8' codec can't decode byte 0x83 in position 2: invalid start byte, skipping this chunk
2025-08-04 17:55:59,802 - WARNING - Unicode decode error: 'utf-8' codec can't decode byte 0x8f in position 0: invalid start byte, skipping this chunk
2025-08-04 17:55:59,803 - WARNING - Unicode decode error: 'utf-8' codec can't decode byte 0xd1 in position 0: invalid continuation byte, skipping this chunk
2025-08-04 17:55:59,804 - WARNING - Unicode decode error: 'utf-8' codec can't decode byte 0x82 in position 2: invalid start byte, skipping this chunk
2025-08-04 17:55:59,806 - WARNING - Unicode decode error: 'utf-8' codec can't decode byte 0xb5 in position 0: invalid start byte, skipping this chunk
2025-08-04 17:55:59,814 - WARNING - Unicode decode error: 'utf-8' codec can't decode byte 0xf8 in position 112: invalid start byte, skipping this chunk
2025-08-04 17:55:59,815 - WARNING - Unicode decode error: 'utf-8' codec can't decode byte 0xe2 in position 4: invalid continuation byte, skipping this chunk
2025-08-04 17:55:59,816 - WARNING - Unicode decode error: 'utf-8' codec can't decode byte 0xcd in position 0: invalid continuation byte, skipping this chunk
2025-08-04 17:55:59,822 - WARNING - Unicode decode error: 'utf-8' codec can't decode byte 0xff in position 1: invalid start byte, skipping this chunk
2025-08-04 17:55:59,823 - WARNING - Unicode decode error: 'utf-8' codec can't decode byte 0xe1 in position 0: invalid continuation byte, skipping this chunk
2025-08-04 17:55:59,824 - WARNING - Unicode decode error: 'utf-8' codec can't decode byte 0x8c in position 0: invalid start byte, skipping this chunk
2025-08-04 17:55:59,825 - WARNING - Unicode decode error: 'utf-8' codec can't decode byte 0xfe in position 1: invalid start byte, skipping this chunk
2025-08-04 17:55:59,828 - WARNING - Unicode decode error: 'utf-8' codec can't decode byte 0xe2 in position 2: invalid continuation byte, skipping this chunk
2025-08-04 17:55:59,828 - WARNING - Unicode decode error: 'utf-8' codec can't decode byte 0x88 in position 4: invalid start byte, skipping this chunk
2025-08-04 17:55:59,830 - WARNING - Unicode decode error: 'utf-8' codec can't decode byte 0x84 in position 0: invalid start byte, skipping this chunk
2025-08-04 17:55:59,831 - WARNING - Unicode decode error: 'utf-8' codec can't decode byte 0xca in position 2: invalid continuation byte, skipping this chunk
2025-08-04 17:55:59,838 - WARNING - Unicode decode error: 'utf-8' codec can't decode byte 0xcd in position 0: invalid continuation byte, skipping this chunk
2025-08-04 17:55:59,839 - WARNING - Unicode decode error: 'utf-8' codec can't decode byte 0xf4 in position 0: invalid continuation byte, skipping this chunk
2025-08-04 17:55:59,840 - WARNING - Unicode decode error: 'utf-8' codec can't decode byte 0x9d in position 0: invalid start byte, skipping this chunk
2025-08-04 17:56:00,025 - WARNING - Unicode decode error: 'utf-8' codec can't decode byte 0xaa in position 102: invalid start byte, skipping this chunk
2025-08-04 17:56:00,026 - WARNING - Unicode decode error: 'utf-8' codec can't decode byte 0x8f in position 0: invalid start byte, skipping this chunk
2025-08-04 17:56:00,027 - WARNING - Unicode decode error: 'utf-8' codec can't decode byte 0xfe in position 1: invalid start byte, skipping this chunk
2025-08-04 17:56:00,028 - WARNING - Unicode decode error: 'utf-8' codec can't decode byte 0xb0 in position 0: invalid start byte, skipping this chunk
2025-08-04 17:56:00,029 - WARNING - Unicode decode error: 'utf-8' codec can't decode byte 0xe1 in position 0: invalid continuation byte, skipping this chunk
2025-08-04 17:56:00,030 - WARNING - Unicode decode error: 'utf-8' codec can't decode byte 0xab in position 2: invalid start byte, skipping this chunk
2025-08-04 17:56:00,031 - WARNING - Unicode decode error: 'utf-8' codec can't decode byte 0xe4 in position 4: invalid continuation byte, skipping this chunk
2025-08-04 17:56:00,049 - WARNING - Unicode decode error: 'utf-8' codec can't decode byte 0xfe in position 102: invalid start byte, skipping this chunk
2025-08-04 17:56:00,050 - WARNING - Unicode decode error: 'utf-8' codec can't decode byte 0xf1 in position 14: invalid continuation byte, skipping this chunk
2025-08-04 17:56:00,050 - WARNING - Unicode decode error: 'utf-8' codec can't decode byte 0xf5 in position 0: invalid start byte, skipping this chunk
2025-08-04 17:56:00,052 - WARNING - Unicode decode error: 'utf-8' codec can't decode byte 0xfc in position 0: invalid start byte, skipping this chunk
2025-08-04 17:56:00,289 - WARNING - Unicode decode error: 'utf-8' codec can't decode byte 0xa8 in position 0: invalid start byte, skipping this chunk
2025-08-04 17:56:00,289 - WARNING - Unicode decode error: 'utf-8' codec can't decode byte 0xef in position 0: invalid continuation byte, skipping this chunk
2025-08-04 17:56:00,290 - WARNING - Unicode decode error: 'utf-8' codec can't decode byte 0xb9 in position 0: invalid start byte, skipping this chunk
2025-08-04 17:56:00,290 - WARNING - Unicode decode error: 'utf-8' codec can't decode byte 0xff in position 1: invalid start byte, skipping this chunk
2025-08-04 17:56:00,325 - WARNING - Unicode decode error: 'utf-8' codec can't decode byte 0x9d in position 0: invalid start byte, skipping this chunk
2025-08-04 17:56:00,325 - WARNING - Unicode decode error: 'utf-8' codec can't decode byte 0xfe in position 1: invalid start byte, skipping this chunk
2025-08-04 17:56:00,326 - WARNING - Unicode decode error: 'utf-8' codec can't decode byte 0xd2 in position 18: invalid continuation byte, skipping this chunk
2025-08-04 17:56:00,326 - WARNING - Unicode decode error: 'utf-8' codec can't decode byte 0xac in position 4: invalid start byte, skipping this chunk
2025-08-04 17:56:00,342 - WARNING - Unicode decode error: 'utf-8' codec can't decode byte 0xe2 in position 0: invalid continuation byte, skipping this chunk
2025-08-04 17:56:00,363 - WARNING - Unicode decode error: 'utf-8' codec can't decode byte 0x9e in position 0: invalid start byte, skipping this chunk
2025-08-04 17:56:00,364 - WARNING - Unicode decode error: 'utf-8' codec can't decode byte 0x81 in position 0: invalid start byte, skipping this chunk
2025-08-04 17:56:00,365 - WARNING - Unicode decode error: 'utf-8' codec can't decode byte 0x8e in position 0: invalid start byte, skipping this chunk
2025-08-04 17:56:00,366 - WARNING - Unicode decode error: 'utf-8' codec can't decode byte 0xea in position 0: invalid continuation byte, skipping this chunk
2025-08-04 17:56:00,367 - WARNING - Unicode decode error: 'utf-8' codec can't decode byte 0xff in position 1: invalid start byte, skipping this chunk
2025-08-04 17:56:00,368 - WARNING - Unicode decode error: 'utf-8' codec can't decode byte 0xff in position 1: invalid start byte, skipping this chunk
2025-08-04 17:56:00,371 - WARNING - Unicode decode error: 'utf-8' codec can't decode byte 0xff in position 1: invalid start byte, skipping this chunk
2025-08-04 17:56:00,375 - WARNING - Unicode decode error: 'utf-8' codec can't decode byte 0xff in position 1: invalid start byte, skipping this chunk
2025-08-04 17:56:00,375 - WARNING - Unicode decode error: 'utf-8' codec can't decode byte 0x9b in position 0: invalid start byte, skipping this chunk
2025-08-04 17:56:00,435 - INFO - Shutdown requested by user
2025-08-04 17:56:00,436 - INFO - Starting cleanup...
2025-08-04 17:56:00,436 - INFO - Disabling audio stream...
2025-08-04 17:56:00,436 - INFO - Audio stream disable command sent
2025-08-04 17:56:00,436 - INFO - Stopping audio stream...
2025-08-04 17:56:00,437 - INFO - Terminating PyAudio...
2025-08-04 17:56:00,439 - INFO - Closing client socket...
2025-08-04 17:56:00,439 - INFO - Closing server socket...
2025-08-04 17:56:00,439 - INFO - Final stats - Packets received: 88, Total bytes played: 844800
2025-08-04 17:56:00,439 - INFO - Cleanup completed
